site,check,ndep_1984,ndep_2016,ndep_change_2016_1984,continent,habitat,latitude,longitude,Managed,Burned,Elevation,RainMAP,TempMAT,Richness,NativeRichness,IntRichness,FractionExotic,SoilC,SoilN,SoilP,SoilK,ObsYrMeanEven,ObsYrMeanInvSimp,TempTrend36yr_2mo_sos_pvalue,TempTrend36yr_5mo_max_pvalue,PrecipTrend36yr_2mo_sos_pvalue,PrecipTrend36yr_5mo_max_pvalue,TempTrend36yr_5mo_max_slope,TempTrend36yr_2mo_sos_slope,PrecipTrend36yr_5mo_max_slope,PrecipTrend36yr_2mo_sos_slope,PhenoTrendXyr_sos_pvalue,PhenoTrendXyr_eos_pvalue,PhenoTrendXyr_gsl_pvalue,PhenoTrendXyr_maxndvi_pvalue,PhenoTrendXyr_sos_slope,PhenoTrendXyr_eos_slope,PhenoTrendXyr_gsl_slope,PhenoTrendXyr_maxndvi_slope,ChangeSOS_TempAnom_2mo_sos_pvalue,ChangeSOS_TempAnom_2mo_sos_slope,ChangeSOS_PrecipAnom_2mo_sos_pvalue,ChangeSOS_PrecipAnom_2mo_sos_slope,Change_ndvi_max_TempAnom_5mo_max_pvalue,Change_ndvi_max_TempAnom_5mo_max_slope,Change_ndvi_max_PrecipAnom_5mo_max_pvalue,Change_ndvi_max_PrecipAnom_5mo_max_slope,Change_ndvi_max_ChangeGSL_pvalue,Change_ndvi_max_ChangeGSL_slope,ChangeGSL_TempAnom_5mo_max_pvalue,ChangeGSL_TempAnom_5mo_max_slope,ChangeGSL_PrecipAnom_5mo_max_pvalue,ChangeGSL_PrecipAnom_5mo_max_slope,OverallTemp_pvalue,OverallTemp_slope
abisko,included,233.4103985,166.3513676,-67.05903090000001,Europe,tundra grassland,68.319867,18.740062000000002,0,0,410,390,-0.804166615,19,19,0,0,NA,NA,NA,NA,0.7143845558781867,3.731705174862612,0.2841793257561702,0.005431834174536342,0.25362921237308805,0.9435456956989985,0.1753281875850297,0.03634491516528914,-0.08283142030929398,0.5590990771044481,0.9870408119398717,0.5966127017669521,0.8759752319528662,0.2754613551592553,-0.013688212927723457,-0.14334600760455668,-0.12965779467683328,0.002163916093170992,0.03233934307921811,-4.577398167947914,0.5872364565505617,0.09314842193508974,0.4594129148769561,0.0033897914591946637,0.12704030348664835,3.5286503930615154e-4,0.1312335436538634,0.0012625572481722064,0.11722565598663856,2.7304909425794497,0.14368353647692717,0.13767507464762374,0.152737300782199,1.3710709982603706e-4
amcamp,included,394.8366506,394.6100191,-0.22663149999999632,North America,mesic grassland,48.46504064,-123.0143109,0,0,41,580,10.00000001,26,7,19,0.7307692307692307,7.3072333333333335,0.48413333333333336,64.8,132.6,0.6398002734985212,4.226894957189983,0.8907637840703454,0.178764829586927,0.5708091246545627,0.654798752788392,0.08079793959510989,-0.005173746105211578,-1.0260360761959093,1.2345432409141663,0.10264821035380454,0.18545213279165418,0.016154647812572063,6.639226952308794e-5,-0.9730164403144982,0.5661186561829856,1.5391350964974841,0.005357587937387567,0.014589153466240325,-4.94240269898432,0.6001738108126191,0.017831939311501652,0.012168044047867387,0.007682491091616852,0.5976732644399875,-5.2650557214392505e-5,0.047957731976814105,0.001124119144048328,0.31230592910788335,1.2533478293173292,0.26421690220763816,0.04170886835568816,0.41566716827717043,4.6258084885154485e-5
amlr,NA,95.99976501,70.69362365,-25.306141359999998,Europe,desert grassland,65.13335,-19.67206,0,0,470,615,0.833333293596903,37,34,0,0,1.5433333333333334,0.11333333333333333,1,47.333333333333336,0.7471756632877717,3.4338092901171677,NA,NA,NA,NA,NA,NA,NA,NA,NA,NA,NA,NA,NA,NA,NA,NA,NA,NA,NA,NA,NA,NA,NA,NA,NA,NA,NA,NA,NA,NA,0.012163584071434998,1.3772269026169481e-4
anti,NA,689.7224185,658.6716871,-31.050731400000018,South America,alpine grassland,-0.467083333,-78.162,0,0,4400,846,2.425000002,64,60,0,0,NA,NA,NA,NA,0.7049089265677096,5.156792575097395,NA,NA,NA,NA,NA,NA,NA,NA,NA,NA,NA,NA,NA,NA,NA,NA,NA,NA,NA,NA,NA,NA,NA,NA,NA,NA,NA,NA,NA,NA,0.011241238905797457,1.5096859521651292e-5
arch,included,436.7764243,425.2966613,-11.479762999999991,North America,mixedgrass prairie,27.15,-81.18333333,1,1,8.2,1205,22.73333335,80,70,1,0.014084507042253521,3.0886666666666667,0.12666666666666668,19,43,0.7116936657241915,4.757011166200834,0.006252107333154079,0.004836651277172815,0.00261022572605048,0.012281673516127222,0.10204635850864624,0.04862290066948605,4.6222781231658026,4.231351499177005,0.8972898467412216,0.3253001353557098,0.5103251954696221,0.01636635066007848,-0.10614331513737357,0.5279005285503813,0.6340438436877545,0.0017154619829957505,0.589900693722196,-3.542052575426128,0.026157920695070322,-0.19205369303403372,0.21370328141548378,0.0041579975434969454,0.42193830910874963,4.7550504527436644e-5,0.12648874003286067,2.359343307672053e-4,0.07250434643182894,7.544668729529209,0.5679641688555885,0.04334389812128471,0.06240551969996249,8.511649948069726e-5
azitwo,included,550.4466096,1237.103147,686.6565374,Asia,alpine grassland,33.58,101.53,0,0,3500,733,-1.12083331961185,71,25,0,0,NA,NA,NA,NA,0.8737599545808866,17.721668787675604,0.024569439301876248,0.01226126938861535,0.028418807563230244,0.13888388951067213,0.0879021911470728,0.0363577864172375,1.0364220944457379,0.4725482975040456,0.9303308663282939,0.14265318158782206,0.4759693208201896,0.18170647968227996,0.02182574240181178,0.21699468779935444,0.19516894539754273,0.001257732682351487,0.8037102035308812,-0.7110644861113269,0.46921077878438766,-0.12856521093414552,0.510449388382649,0.002900455604366934,0.1389459684318344,3.157070263300794e-4,0.7148477565544388,2.442791561541549e-4,0.5735164543896081,-0.7073276713921931,0.2488324163296593,0.07062632886161174,0.5351588574786754,4.977285257211303e-5
badlau,included,1792.187608,1324.442672,-467.74493600000005,Europe,old field,51.392138,11.877969,1,0,120,523,9.329166727,67,61,5,0.07575757575757576,4.363333333333333,0.22333333333333333,45.666666666666664,199.33333333333334,0.7163600515527625,3.9773372900797273,0.007763846810690856,4.144083315251254e-6,0.13031655862789698,0.6807272265839666,0.28658943016710225,0.11419562818039027,-0.30832692002697737,-0.5459588463241992,0.32057173964861635,0.209028482657004,0.6981614281659698,0.06091845563329891,-0.960207013182815,-1.3139428268709512,-0.3537358136881362,0.0038017678221596188,0.1089686934951601,-6.441510454916437,0.8159508581647942,0.09017803499948435,0.14705221251105022,0.006600630522732228,0.8358531324958067,9.153301185226183e-5,0.6395754973638117,-2.3283544887687786e-4,0.8503194471190766,0.3806048430923971,0.33560507548964924,0.1821279816531738,0.10068287679477919,1.2694724748065666e-4
bari,included,44.30617325,79.0547664,34.748593150000005,South America,grassland steppe,-41.00644,-71.15323,0,0,786,787,8.787500066,40,17,20,0.5405405405405406,2.7833333333333337,0.19333333333333333,52.666666666666664,205.66666666666666,0.4770275307377776,2.164784640700418,0.8576576252633185,0.21029786639323353,0.24761721183997293,0.48499713376476383,0.0569240670099847,-0.0029397808923271153,-0.5607078547950263,-0.7652441554297861,0.03216286585384506,0.1938641058083544,0.06582041494695182,0.04463893581683823,1.2131866941163865,-1.238704084949666,-2.4518907790660514,-0.0016210311661915455,0.7773815394641722,1.070124476791224,0.008901518649223242,-0.2253521798005489,0.012597359088072848,-0.004176445374399455,0.013289492426977486,2.5439300271782174e-4,6.867231216471026e-6,4.977423257141006e-4,0.1418985080852388,-4.461515752622858,0.04888883606771608,0.3580615773629019,0.5667698289190586,2.8287921452431354e-5
barta,included,617.2193608,692.0254752,74.80611439999996,North America,mixedgrass prairie,42.244586,-99.6518,0,0,767,581,9.066666578,55,50,2,0.038461538461538464,0.618,0.056666666666666664,16.333333333333332,83,0.8810915941296135,7.315908950184057,0.7382781509546483,0.05361947791039988,0.5286783410846064,0.25727265999916055,0.1260875316506957,-0.014118415968759243,1.4525612531635013,0.5731017699419586,0.440259816398356,0.002656356010880189,0.0038895663455074964,0.00965867733460781,-0.11106553174033391,0.6535227156189118,0.7645882473592459,0.00195771029698425,0.18768938207583155,-0.7963724669517571,0.048674166635938314,-0.05221082378298208,0.6146997540836467,-9.809577995519257e-4,1.1227847767198875e-4,3.41950832070832e-4,0.048219532067049174,8.961195288176112e-4,0.2994024145024324,0.7651914982805939,0.02825742772119955,0.07982363512268957,0.5899371540376942,6.243857311027282e-5
bayr,included,1811.6328349999999,1322.937077,-488.69575799999984,Europe,mesic grassland,49.91666667,11.58333333,1,0,340,745,8.508333363,70,65,4,0.057971014492753624,NA,NA,NA,NA,0.6740216512481454,6.128282950033188,0.0017311847501227157,4.039536220451101e-5,0.20074991089886252,0.6062405682360577,0.258519931803032,0.12465894630938709,-0.4864607645277822,-0.6262677011035738,0.9292137431867339,0.5629227470698986,0.6195390463187385,3.107740508443358e-4,0.0710116155031822,-0.608036031764851,-0.6790476472680333,0.003202269492152576,0.47648956846123225,-2.529351494091325,0.5622519925895095,-0.21777410854247337,0.25666818528310686,0.0031962325925274358,0.43863611414197357,1.626478569083403e-4,0.5073429009720474,-1.1917413666835923e-4,0.1581280373243198,-4.93685171837096,0.33898555341519665,0.2504931213698235,0.11046145328909908,1.273703563986982e-4
bldr,included,473.0192551,492.3268623,19.307607200000007,North America,shortgrass prairie,39.972022,-105.233544,1,0,1633,487,9.904166626,49,7,17,0.7083333333333334,1.2215,0.089,15.5,95.5,0.7240282394230253,3.9765399689704917,0.29894452344447836,0.044215635530651394,0.17806358749577217,0.5272786273572594,0.10078507009773842,-0.038416986069624286,-0.4552767480509021,0.8452509569538754,0.19928825191851895,0.06319571688497898,0.03263606030105837,0.024207868747128297,0.715398098833694,-0.9904014696959453,-1.7057995685296385,-0.003359554713196536,0.7046916469834537,-1.0624172424434375,0.48755732585000455,-0.11486657539475065,0.05150311388880824,-0.01026682071766984,0.09762785250180397,6.229889135545693e-4,5.647486209484806e-5,0.001220109681351277,0.8084964234974055,-0.7025522275221722,0.9454007526090398,-0.01404378200482084,0.5446807031768734,5.403249183168183e-5
bnbt,included,799.3389038,944.6110736,145.27216980000003,North America,tallgrass prairie,39.597007,-95.086276,0,1,240,944,12.391666593651,44,31,7,0.18421052631578946,1.8976666666666666,0.12783333333333333,47,276.3333333333333,0.6742973789031234,2.5864295493254477,0.5669052251129789,0.06916183809167921,0.08276148659828284,0.4133803586823157,0.1213899477414943,0.02469756189000205,1.989999971058372,1.9412870286821235,0.004027337017273115,0.020121310160913668,1.716412034478335e-4,0.07718677144783859,-0.917918740035749,0.7701821344026264,1.6881008744383756,0.002380101009933051,0.6015852780385813,-0.6409264572137304,0.6400268416423005,-0.020303146078607125,0.08191501230437032,0.005365088381721893,0.8111680197996289,2.0852574356488147e-5,0.001253352218814599,0.001677011916238261,0.15457145381484935,1.4824134163846916,0.12685142459804935,0.04368114655985664,0.5370481895252148,6.924254540681545e-5
bnch,included,207.2604308,239.6195003,32.359069500000004,North America,montane grassland,44.27668543,-121.9680169,0,0,1318.083,1618,6.770833284,51,42,4,0.08695652173913043,7.862,0.5446666666666666,13,99.33333333333333,0.7131909087287236,3.78656441372227,0.5523034654793324,0.004983887466623076,0.5746556577455053,0.11871963283128817,0.14715574662197417,0.02117117882695455,-1.0664350496391677,-0.35145437603905194,0.0027789166406998337,0.149652601872264,0.006938223141686351,0.13034748939075746,2.160544505945598,-0.6738525914351521,-2.8343970973807484,-0.001905607015712774,0.4535253283444054,-2.7346489323178327,0.9161513984093532,0.025853378918547033,0.45506639540320404,-0.002838074227841131,0.7133597936550737,1.2809911272757644e-4,0.0018148350493394634,6.74051129326246e-4,0.8738944388329994,-0.5236068656299887,0.9597967004165129,0.015198766440328958,0.4370705075392891,5.780491501431692e-5
bogong,included,279.366993,311.4545529,32.08755990000003,Australia,alpine grassland,-36.874,147.254,0,0,1760,1678,5.983333338,42,38,4,0.09523809523809523,12.011666666666667,0.7216666666666667,42.666666666666664,193.33333333333334,0.5025952724435037,3.2137371673057835,6.048685247016194e-5,1.4472232407845796e-5,0.03780721498560797,0.34704527802773855,0.25526383730128754,0.07930299183270101,-1.3093050373720538,-2.562446770819524,0.7804016989612634,0.7795457793399644,0.7195839343865628,0.19217433805453682,0.1889846911841913,-0.17165229632243278,-0.36063698750662393,0.002307648597676473,0.10704097996811164,-5.176521513393481,0.5467867407309881,0.039150754723228834,0.763052282837731,-0.001400000479958695,0.012566278265007858,4.154114879493971e-4,0.6911611837397145,-1.759470112758022e-4,0.46293559758112524,1.8586420750480708,0.9840609337373404,-0.0020132918142166958,0.20744832229575816,7.134767013909837e-5
bttr,included,207.2604308,239.6195003,32.359069500000004,North America,montane grassland,44.27951804,-121.9566829,0,0,1500,1623,6.499999925,66,50,5,0.09090909090909091,11.9799,0.9606666666666667,22.466666666666665,108.36666666666666,0.7859321996103613,6.0644552125072,0.5523034654793324,0.004983887466623076,0.5746556577455053,0.11871963283128817,0.14715574662197417,0.02117117882695455,-1.0664350496391677,-0.35145437603905194,0.31496954263510135,0.6080286314510926,0.2479200356581577,0.11540718301084991,-0.26267696267696267,0.13346203346203353,0.396138996138996,0.0013676426119539717,2.5303899470447422e-5,-4.892140988776649,0.5342525022327125,0.045941811329126774,0.3496384562523248,-0.002637268339308818,0.01284547841408036,5.16365694469859e-4,0.7504024835894881,1.3873347787923801e-4,1.981277708047679e-4,3.8300969531421716,0.4210806419687102,0.06998035344925753,0.4370705075392891,5.780491501431692e-5
bunya,included,242.0488096,257.07256,15.023750400000011,Australia,grassland,-26.892138,151.606667,0,0,0,817,15.48749996,17,14,3,0.17647058823529413,6.736133333333333,0.5636333333333333,23.4,464.3666666666667,0.22663055823610923,1.205171064287308,0.023845015842393045,0.036280681653285504,0.09735753869113331,0.49927734218616115,0.08661516476782248,0.04762920037781039,-1.1213384595003244,-1.55488381164221,0.43792821272360927,0.3092350990019266,0.9597817238410147,0.2398095970901707,0.8447027901334409,0.7801860088961025,-0.06451678123733809,0.0013063820227048955,0.20320007374972746,9.905538160063902,0.08685911150915737,-0.30760821569801644,0.7263180598092491,0.0013229578260513103,0.08263002570990682,1.570150516840731e-4,0.11524072435792442,2.981609613799187e-4,0.3654718752964152,-4.411853534112481,0.05373555574654289,0.22510052512012146,0.30122581053661535,5.229507892668545e-5
burrawan,included,161.8892001,171.6127903,9.72359019999999,Australia,semiarid grassland,-27.734896,151.139517,0,0,425,643,18.2249999,43,33,10,0.23255813953488372,1.4053333333333333,0.087,21.333333333333332,80.33333333333333,0.7579627300150591,4.587293735698534,0.02187090233974055,0.10247997041260237,0.38711136786340505,0.26459680890150233,0.06827540465149975,0.06256520753790797,-1.60862295352968,-0.7430773201911044,0.849170836819816,0.952880321559127,0.8508035026887225,0.011134749915202918,-0.18939706793305774,0.08667148461689239,0.276068552549951,0.003886023048481608,0.50136826438168,3.389737271910343,0.9228354922338555,0.018583602999242298,0.014411192228460807,0.013424060840487676,0.40894986368497377,1.4609971985863978e-4,0.11913555699623585,3.866046698190233e-4,0.8949163197029244,0.7090426625533806,0.63920322083672,0.07548241799654483,0.4837313941917004,3.886850424351651e-5
burren,included,387.7241293,368.832219,-18.891910300000006,Europe,calcareous grassland,53.072023,-8.992624,1,0,112,1320,9.766666715,82,80,0,0,8.132333333333333,0.6153333333333334,6,180,0.80314392486467,10.143395450606958,0.08490485270828195,0.06050589818660581,0.5897437597745436,0.3105187353153499,0.07931787854149192,0.03687259337770127,1.3621235667048275,0.3697168870628911,0.9368914691254939,0.35410774434722636,0.35870678843194304,0.9325753754224249,0.029538131041891413,0.6638918725384899,0.6343537414965988,8.487487957365675e-5,0.059496776445054717,-4.728309024141077,0.8487826111803514,0.024769654186367007,0.7699904565861269,0.0013658935119907486,0.9049983778466575,-1.625215605237947e-5,0.5230085996922722,-3.063008180053223e-4,0.23612645874781446,-3.760189823467782,0.6428198548855153,0.044325069760004616,0.29660472916795577,4.4328394778603044e-5
bynb,included,323.8233398,554.6660284,230.84268859999997,Asia,alpine grassland,42.8847,82.7088,0,0,2470,394,-6.56666672943781,17,17,0,0,NA,NA,NA,NA,NA,NA,2.8361045986871997e-6,1.5185592194141653e-5,0.8681859583039073,0.12270586629026095,0.2479794081305284,0.21830116417187037,0.913410526414329,-0.04971687229136974,0.45833014034572983,0.07102025655049533,0.009762984735847923,0.32906599114469703,1.1419202518362883,-2.917890870933868,-4.059811122770158,0.0011495626302685407,0.7641703824687598,0.9992609268305119,0.6817874559990388,0.28527690479355056,0.4959723841632332,0.001763799976048677,0.11511003288732581,3.379676988787923e-4,0.713799130263747,6.951254762006932e-5,0.7211347711863854,-1.3849750872373485,0.11067509474120851,-0.5084147297067887,0.3115111110010898,1.2179708513789271e-4
cbgb,included,784.9827639,994.5553079,209.572544,North America,tallgrass prairie,41.78506667,-93.38538333,0,1,275,871,9.258333459,98,55,20,0.26666666666666666,0.6243333333333333,0.0625,67.33333333333333,93.66666666666667,0.4047276039811483,1.8214489483136629,0.9351699703374738,0.10441840318216483,0.22977862440929925,0.2473832173715225,0.10969109651818507,-0.0035907537320403722,2.646988558308961,1.2617117804450086,0.05115127044035176,0.6936041550884615,0.09170542984681954,0.09674704331820173,-0.7103499963881014,0.10099869970384732,0.8113486960919488,0.0020673198712393196,0.0023129582025506164,-4.051601340605345,0.23068616198536207,0.07682170073189204,0.847055851780205,-6.439668056935603e-4,0.3636209637293122,-8.274279627380818e-5,0.21642425858419026,-5.945646490311988e-4,0.014997179626545249,2.9214332899995865,0.2155858534588375,0.04235994481825749,0.6146662327685934,6.062201726539904e-5
cdcr,included,641.7345711,832.0514654,190.31689429999994,North America,tallgrass prairie,45.425,-93.2115,0,0,270,740,6.337500023,123,65,18,0.21686746987951808,0.5274,0.038599999999999995,57.75,54.5,0.6120075991976243,2.8331901962248507,0.3545913704964361,0.004035634989432766,0.2143799834314172,0.4566605844655154,0.17877734158490133,-0.0436937047094298,1.296447776980996,1.1691120557650028,0.3160747727384169,0.05895274106111828,0.031452806635034386,0.5507631431613508,-0.38510536968690845,0.8283128943921894,1.2134182640790978,6.463230108549181e-4,0.025304121453994022,-2.5253868308170326,0.9743116846798736,0.0016416454983731738,0.15822894635551843,0.0036015473767669073,0.0017471184303858554,2.1648407396369072e-4,0.053205912236977924,7.304068666544918e-4,0.05872724204610406,2.5906050231416966,0.07700592604666541,0.07199354218213362,0.568587327758467,7.38118743410949e-5
cdpt,included,467.9090513,521.5780525,53.669001200000025,North America,shortgrass prairie,41.2,-101.63,0,0,965,456,9.637500077,84,57,7,0.109375,1.1018333333333334,0.0965,31.5,273.8333333333333,0.6727371151869688,3.7610816505536517,0.34991003929483244,0.5829584711387186,0.12041745417045302,0.05124311451203305,0.03633202457059718,0.04531531364607834,2.105045078712081,0.7143629571185611,0.6212454578330661,0.22233829838934907,0.279133507685454,5.057604080337262e-4,0.11427216690374688,0.7678994784257683,0.6536273115220209,0.0034190386850248464,0.0010133112355179762,-2.627808347026152,0.013333752979627855,-0.21318051567359894,0.14620927147548599,-0.004201581119199373,1.8499570831581658e-6,7.124866195901335e-4,0.004441767351813468,8.25829213913604e-4,0.08261575656515575,-2.796386989790312,5.016055808152923e-4,0.31355891213698756,0.5439914524415274,6.600185709693748e-5
chilcas,included,390.3325105,344.840042,-45.49246850000003,South America,mesic grassland,-36.275556,-58.265556,0,0,15,955,15.09166658,99,71,22,0.23655913978494625,3.8353333333333333,0.3486666666666667,20.333333333333332,464,0.6085414087248214,4.1773538911089,0.2252861610140381,0.3248302115251772,0.7237222244008219,0.5146791977654694,0.03990987853807496,0.02482219147083071,-1.0361389199432463,-0.2796823208565717,0.03125247620528162,0.262652635687437,0.011800030267422027,2.8525723438922715e-5,-1.6729550256565022,1.3711641010161981,3.0441191266727015,0.005320375736541013,0.26628662942660974,-5.623653041837148,0.002149237911359986,-0.4177563362406002,0.29500446318649204,0.006412085020126567,0.46176392490066653,9.73038402508936e-5,4.9102083150267344e-5,8.170016130902614e-4,0.31761269838538553,5.244026971225334,0.8631873200828126,0.019607584814711324,0.6978919796396971,2.0952706576089716e-5
comp,included,199.7752723,242.6487365,42.8734642,Europe,annual grassland,38.82928,-8.791406,1,0,200,564,16.58333332,97,82,1,0.012048192771084338,1.7276666666666667,0.11233333333333334,37.666666666666664,82.66666666666667,0.7060493692505234,5.94758337263047,0.17485085353504262,0.008184337208999594,0.9014428553517114,0.6621587112513143,0.1178635727331291,0.04039829271334041,0.9791762942321196,-0.18193457148089634,0.21229107968599875,0.28403342576393564,0.11557813071405353,0.017681544441665642,-0.7042795319763916,0.697106908158419,1.4013864401348108,0.0032831642271493925,0.10306774833833604,-4.7447327001935244,0.7567621429560893,-0.018054726767591473,0.8095460001601951,-0.0014278758620069462,0.007628934117540083,2.4633259692531634e-4,6.85133091413756e-6,0.0011095436301618374,0.6101640746322997,1.9534536996387326,0.05873884440997166,0.11640382976823231,0.1721238347969052,6.977989091273466e-5
cowi,included,394.8366506,394.6100191,-0.22663149999999632,North America,old field,48.8088,-123.6301,0,0,50,762,10.44583333,26,2,23,0.92,5.381333333333333,0.37366666666666665,36.333333333333336,75.33333333333333,0.35330235474440436,1.4890595734773513,0.7123251240562121,0.28330428768738675,0.736180586552792,0.4813375206688324,0.06355212121396558,-0.014903475564725975,-1.063835428994598,0.5314027503957489,0.022219071308471915,0.027112351625082014,0.25300160933823684,0.03306328995345793,-1.2986566037736178,-0.6329660377358558,0.665690566037762,0.001355969990466098,0.7441887488465795,-0.801981280491172,0.5368645109113297,0.03584772589821111,0.25991958972030166,0.0021861635753548693,0.9128424901395622,-8.331279928220029e-6,0.07557688257166638,4.300231655457853e-4,0.8899049349152188,0.1978843179057749,0.9693546322955405,0.002132467398570645,0.47543600693739974,4.397888964827228e-5
derr,included,324.3123109,380.3450866,56.0327757,Australia,semiarid grassland,-37.80694444,144.7913889,1,1,38,565,14.76666677,19,7,7,0.5,2.363769230769231,0.17315384615384616,8.076923076923077,348.38461538461536,0.24138183761968254,1.247697420650463,0.09813108579455525,2.0165867514754715e-5,0.2535698557830526,0.09080390215902787,0.1797425997916953,0.028069492472644404,-2.004633209174512,-0.41983269970082665,0.38426690949026876,0.3851330710751255,0.2227113347425222,0.6032506623700554,-1.2772942147520003,0.8969385458092193,2.17423276056122,0.001105425914152167,0.7367757380167019,-3.927001713146278,0.7734823288070989,0.1557169608245248,0.9040736079942033,-8.579979388307671e-4,0.10619869691332624,4.7755243360244064e-4,0.042601258850723626,5.236105618561589e-4,0.9563509015591635,-0.332121533025243,0.6302696518548088,0.1251811322497039,0.17147156512141015,6.155744036316051e-5
doane,included,736.6248493,894.1159293,157.4910799999999,North America,tallgrass prairie,40.6954,-96.8541,1,1,418.19,739,10.64999998,41,28,6,0.17647058823529413,NA,NA,NA,NA,0.5611260730945757,2.132550099592757,0.5805880075130588,0.027077422164949433,0.4480559697489449,0.5189983849933111,0.14639639676461094,0.024041191123167126,1.1190217647773428,0.8573101848862539,0.0034957044925983437,0.21234034882871666,0.9189011616147413,0.010149187854437705,0.6305457009606523,0.6888826882448289,0.05833698728417621,0.002752373728430772,0.5588648724367656,-0.5197437556679498,0.8270443527305036,-0.008452263617383248,0.4297520701252959,-0.002377337255624517,0.12303233264812646,1.5319498796605288e-4,0.9865926073690436,-6.11814098390421e-6,0.39521411001655415,-1.3157279435234177,3.6689907503137956e-4,0.16695697050571287,0.5323160267805769,7.383989497134512e-5
elkh,included,269.1088981,190.3690047,-78.73989339999997,North America,mesic grassland,36.984861,-122.05025,0,0,50,815,14.12916663,22,4,16,0.8,NA,NA,NA,NA,0.6143941379904063,3.5180054969165035,0.014040683299762435,0.14354053513072465,0.9911710266157923,0.6756509788604028,0.10052767155867008,0.07731152360842988,1.618713203302682,-0.02496470089132792,0.493658040954704,0.6478175980708387,0.4242096648632909,0.6959117931221058,0.44355538721337284,-0.12371573315664684,-0.5672711203700197,5.642683552432168e-4,0.22070160291705115,3.94217271015925,0.9347892921295956,0.003320649445229957,0.8790616097329969,-4.58673736873754e-4,0.9672858718039599,-2.3973792635490387e-6,0.006665623984662792,0.0010132757642218899,0.22449839828799434,-1.800953794016407,0.09987592937726052,0.04671492217488347,0.005093471995154693,7.8289336252269e-5
elliot,included,476.8833061,381.0448192,-95.83848690000002,North America,annual grassland,32.875,-117.052243,0,0,200,344,17.7124999,51,24,24,0.5,2.2666666666666666,0.165,16,262,0.73120235935202,5.207494183306932,0.017547254528882898,0.2545572888949709,0.7778268659207199,0.43863618306306595,0.07036038414698642,0.06837839104494095,-1.3355856201938678,0.3561261175068465,0.25409591019716454,0.7515422773369042,0.24613244378150861,0.034776089499675554,-0.9807852965748396,0.21762740183795992,1.1984126984127996,0.003493161904000694,0.7008956551685492,-1.8274639835277469,0.17318349037543615,-0.14381229446940483,0.7653685239157125,0.001375871577033423,0.0534933304213072,3.253131864439571e-4,7.887563574625228e-5,0.001151331307343355,0.876897443376142,-0.4319684555164667,0.01677108508008565,0.23861111728312087,0.06466386177754622,6.522062642440168e-5
elva,included,928.754014,622.7297203,-306.02429369999993,Europe,semiarid grassland,58.2582861,26.35386,NA,NA,63.5,638,5.40833336,51,51,0,0,NA,NA,NA,NA,0.880590358390583,13.426505235769334,0.03121407078633712,4.845788937881295e-4,0.4288797917717564,0.4173843768325052,0.24496783332628408,0.07624196263660636,-0.932548127978311,0.33027033333305883,0.08258540849634341,0.0033337977648718194,0.0022470282484490334,0.004071679230803217,-0.40800304350831545,2.661098429826357,3.069101473334673,0.0028833426984773776,0.13269971743401987,-1.4660451163228243,0.3249761803719813,-0.09449110478008403,0.8430293684561614,4.91769603119191e-4,0.08242656851587515,2.3893909660243e-4,0.15028748946564555,3.5109669694759205e-4,0.9663117633380165,-0.105631568673916,0.01932673794437126,0.311845817982915,0.1675121301547533,1.3020420507959163e-4
ethamc,included,92.40986152,117.0164434,24.606581879999993,Australia,desert grassland,-23.7563333,138.4742833,1,1,104,192,24.0625,45,37,4,0.0975609756097561,0.136,0.023666666666666666,4.666666666666667,269,0,1,0.14877809598737557,0.1826090829903655,0.4824322272807753,0.830819242945736,0.07975545070653091,0.043011554880031465,-0.09217503389950112,0.31356499327042137,0.3747403659092985,0.019039318134406586,0.31439668738789645,0.6837353023309982,-1.5068322981366216,-3.4142857142855356,-1.907453416148913,-3.464006448684454e-4,0.6961525774505029,3.279740150625831,0.012360301043376336,-1.4591250170356111,0.0742696470073056,-0.0031651584908873914,0.1407282068960502,4.4605601811864353e-4,2.5816419752501473e-5,3.5319442032519943e-4,0.06403022521829407,-7.386294918092957,0.43547006554509027,0.5448469247486102,0.4282768774963722,5.371826347879513e-5
frue,included,1699.855059,1358.836037,-341.01902199999995,Europe,pasture,47.113187,8.541821,1,0,995,1546,6.958333276,40,22,3,0.12,3.729,0.364,67,196,0.8431618189679811,7.573436174747546,0.16244321484616672,2.812149952072322e-6,0.25383204936572357,0.7857680985267681,0.24059202747762298,0.08118404276199162,-0.4156887209093263,-1.041480055554956,0.7296027345990711,0.21187248301653766,0.20281052513353237,6.972192159726912e-4,-0.1553915539155071,0.6214978816454917,0.7768894355609991,0.004433285295216037,3.315776230802511e-5,-4.121375670648405,0.6044992807642808,-0.03960299582287054,0.1856212166042434,0.005590809265397306,0.8166488009345144,3.4438174059181244e-5,0.14661709110759513,6.938882691416891e-4,0.6293709311337727,0.8741179033538212,0.6529024809112385,0.028142558450088985,0.10687814944502098,1.1910873357568945e-4
gall,included,1167.641563,1045.338587,-122.30297599999994,Europe,mesic grassland,43.7971,10.7185,1,0,34,900,14.34166675,53,39,0,0,NA,NA,NA,NA,0.7006110643401421,4.661754282983577,0.07188325977639098,3.4035959776997637e-9,0.7688044682558401,0.010325079675286149,0.29915057339416595,0.06716860422296415,-2.4214671265971495,0.2645687953232173,0.006593426734340404,0.2174078885616179,0.04562771126143345,9.825708552948858e-6,-2.608026036276489,-0.673892913557384,1.934133122719107,0.003742257855451325,0.9340381384028389,-0.43550133965526855,0.368333658747792,0.22792940564259961,0.0064987952430370175,0.007200127830448179,0.4476725732193193,-1.4407760669352696e-4,0.0016639142598895522,5.900955347276453e-4,0.22988896835499836,3.4938968590751482,0.7689489514585202,-0.05765328817688949,0.07274419705649893,1.290555837331304e-4
gilb,included,433.6001038,711.8457431,278.24563930000005,Africa,montane grassland,-29.28424,30.29174,1,1,1748,943,14.14166671,74,67,0,0,20.373333333333335,1.1823333333333332,17,106,0.7568383864324337,7.222291789324369,0.009361489409543466,0.004011086467637573,0.3301532961293142,0.7809452569279572,0.12139193855197325,0.048909459310780556,-0.6776270987715745,-0.8810099843216792,0.8345491650203021,0.6398747656285839,0.7428704844898897,0.18464745793340936,-0.13466933867735523,0.11533066132264393,0.24999999999999942,-0.0013288984331611801,0.43809568542666666,-3.6647152046189073,0.5696410554181466,0.08032944995234655,0.4147015422087995,-0.002569254246273784,0.7929820192284518,-2.1723254531960804e-5,0.012523149633710571,8.041728244885439e-4,0.46790136903982626,1.7328599742590287,0.5920217990483021,-0.03337851789404476,0.07754099238303339,6.530097299327582e-5
glac,included,328.1627603,342.7900429,14.627282600000001,North America,mesic grassland,46.86877222,-123.0343556,0,0,33,1354,10.54999986,17,6,11,0.6470588235294118,15.671133333333334,1.1531333333333333,23.766666666666666,66.86666666666666,0.708245448898192,3.513035527899578,0.6453357045914769,0.09817220525609588,0.4648945370760623,0.30488696534151044,0.11120978586155122,-0.018043758003868246,-1.8901544189092654,1.4065381231762186,0.06570033433172344,0.030403767110242043,0.8860996645792208,0.002527658931427248,-1.3915928012148624,-1.2546392529806278,0.13695354823423467,0.0033681014513501856,0.5468987190605665,-2.0446168583125863,0.9355133768783526,-0.005251543083993126,0.8277528194671007,6.171871567275517e-4,0.7661620614162042,-3.318253042405242e-5,0.0589599729746179,4.4452009223906025e-4,0.49013003694864365,1.5560240466070105,0.18471061963985827,0.11627588591856934,0.3802975576622093,4.764034631271223e-5
glcr,included,812.8495274,1023.058821,210.2092935999999,North America,tallgrass prairie,41.339206,-96.13964,1,1,343,771,10.16250006,28,22,5,0.18518518518518517,NA,NA,NA,NA,0.20909113320642597,1.152980290545528,0.6505279509569968,0.04423863319038576,0.5004762479925704,0.35605107457887875,0.12693695083088005,0.02002574596626001,1.638159895250089,0.778674492044343,0.42967845418163664,0.8163671044531755,0.6986982675461036,4.186782831309985e-5,0.13537117903929408,0.03832100525798819,-0.09705017378130577,0.004482973055167726,0.11069403330386363,-1.1487847685026495,0.8854518901888677,-0.0037288804396047753,0.564816073554953,-0.002314348407257377,0.006283132150751471,3.145848580951843e-4,0.31086345518752156,0.0011457901991946378,0.8747676373232675,-0.11237413381537552,0.09331067855370147,0.03576378187538907,0.5169950512245405,7.772897084144337e-5
hall,included,845.3738298,829.6393911,-15.734438699999941,North America,tallgrass prairie,36.871944,-86.70167,1,0,193.6,1289,13.82916669,53,34,12,0.2608695652173913,1.487,0.13933333333333334,36,99.66666666666667,0.7257323212380588,3.505472812379814,0.18400596310916748,0.0013221984369106705,0.020582051847985856,0.06561510896587858,0.2110295674975763,0.057014156830049394,2.9872975838537177,2.968725994409584,0.44416405711498563,0.7872317734162276,0.4999907470525977,0.11927206035623897,-0.5194040295069672,0.13684870396827795,0.6562527334752454,0.0020753293894065937,0.4011284951792784,-2.0734677883896593,0.2737831789555916,-0.09095174447478636,0.7790071332099162,9.021380882779351e-4,0.26588602659195776,1.3575013992072005e-4,0.9360964301819805,-2.4426384575151363e-5,0.8598407502458445,0.3845009395895575,0.14594054474808268,0.11899868159751188,0.23981969399782405,1.1256232186024555e-4
hart,included,107.2485717,143.3280438,36.07947209999999,North America,shrub steppe,42.723745,-119.49767,0,0,1508,259,7.749999896,48,25,4,0.13793103448275862,1.2863333333333333,0.10933333333333334,60.666666666666664,648,0.7159195193921057,4.073710944687427,0.3578558475668506,0.04149890199357808,0.7931458696583659,0.47591936894657283,0.14851995181086083,0.04144144222006066,-0.40136424868033166,0.06638351032939471,0.6535653335416549,0.06737111666059391,0.08680122784616663,0.04709716965556509,-0.20068419001426202,1.1299268176503496,1.330611007664612,0.0011055562855814506,0.50846185607399,-1.2104865079031193,0.8988442939266036,-0.03703619650690149,0.013481360317887114,-0.0030081388623576116,0.0913442735256064,2.762919073999547e-4,1.1039395486249797e-4,4.3440680429496676e-4,0.5900866059417025,-0.9846749645833502,0.0845190532915292,0.4039779676958724,0.20951671880745676,1.1390888345729958e-4
hast,included,269.1088981,190.3690047,-78.73989339999997,North America,annual grassland,36.2,-121.55,0,0,750,975,11.37500005,32,15,13,0.4642857142857143,NA,NA,61,237,0.5800215675148613,2.392049161597539,0.03243380313823767,0.9086844862974345,0.4365709044228645,0.757716306514384,0.007567565751044707,0.06370656370656422,1.4818532090514214,2.5979407231780067,0.7651962153650059,0.7700679327238015,0.8642072814909868,0.43326911117620726,-0.15433854907539155,-0.061403508771929884,0.09293504030346186,-6.224408284034971e-4,0.5507666793655943,1.875014822141689,0.2379078104760455,-0.03344788453063634,0.013684400464847883,0.004915587826464994,0.2811279750755136,3.155039420267812e-5,0.0023957678385757132,6.78379807226109e-4,0.4058555342018596,-1.2643664009313742,0.11977866745106402,0.033035365077312154,0.3194699374185582,3.1324523242542915e-5
hero,included,1269.327885,917.0838822,-352.2440028,Europe,mesic grassland,51.411,-0.639,0,0,60,668,10.17083331,57,44,2,0.043478260869565216,NA,NA,NA,NA,0.6378055401377318,3.611830847126676,0.15598840072084572,5.035975747736838e-5,0.6789763657205622,0.3556933579768332,0.18453024252961703,0.06601029479518977,0.9671042323265905,0.24539253285186152,0.020950367200731415,0.28714550043861853,0.050162697833968733,0.001006440795532503,-1.5634839868302914,1.1694402873391296,2.732924274169421,0.00423272538746565,0.017838766907235067,-5.143534027185517,0.14921276096338112,-0.23057223007224206,0.33550110531379285,0.004200912882356195,0.02138905265131188,4.799246550244256e-4,0.029164884833313243,5.090443258458881e-4,0.6541731259251564,-1.9414859033245995,0.005143609090478208,0.5532164661146235,0.06485302397102707,1.0052535877696868e-4
hopl,included,276.1179516,344.9024217,68.78447009999996,North America,annual grassland,39.01275343,-123.0603134,0,0,598.302,1065,13.2416667,126,51,47,0.47959183673469385,NA,NA,NA,NA,0.7540311817974611,6.535493481105084,0.03115262498688043,0.13839948784799044,0.6172032823334597,0.9785362386054821,0.09537966536739084,0.06625483480966543,0.08240661450028078,1.791544210696003,0.17368567223669498,0.8760540554577134,0.25166520883168636,0.974902246106455,0.7608751608751607,0.03577863577863567,-0.7250965250965252,3.778080019014854e-5,0.7674993647804712,-0.9713370809855404,0.1587827429239473,-0.03999065907400748,0.790345188730545,-8.70025905433411e-4,0.07507056411637054,1.2560661705608912e-4,2.221522110509718e-8,0.0014970896233968013,0.2425015616400856,-2.005708478943831,0.07442588878436536,0.0666891392791497,0.10928080958925514,8.914136623066571e-5
hustai,included,221.8197252,251.3711961,29.551470899999998,Asia,NA,47.66652778,105.9677778,0,0,NA,243,-0.495833369592826,53,53,0,0,NA,NA,NA,NA,0.7085446000422664,4.6767215832546505,0.018341210666313484,9.693372745282387e-9,0.915121152355061,0.023209478678816578,0.3233462154846093,0.08849422167627172,-1.9513513182274278,-0.032638324396336973,0.4053460565909337,0.4897876656546273,0.2131787465845136,0.1810724225503472,-0.41440615835777705,0.2740102639296172,0.6884164222873943,0.0013960899890893606,0.32666431521593053,1.9893135629226117,0.18230041533146918,-0.34155245450464006,0.5598359173706575,0.001545112188148228,0.04463536020049826,3.5054556639276056e-4,2.601354236112979e-4,0.0011567086396869141,0.73773604664231,-0.4697521657297474,0.03359148722000226,0.19517789735197633,0.3986472731021198,1.3179677414136562e-4
jasp,included,469.5541441,470.7316752,1.1775311000000102,North America,annual grassland,37.40500045,-122.2411342,0,0,120,574,13.85833322,34,6,24,0.8,NA,NA,NA,NA,0.7557693740021607,5.664959329870003,0.01281338390377342,0.14909429717786105,0.8235024372805768,0.7483339416969209,0.09980694514290553,0.07738264740898437,0.9589316090312427,-0.3725699141104588,0.09719241869542293,0.04658895929587584,0.03456988555007372,9.92217324859693e-4,-0.8219409282700469,0.48899117759877664,1.3109321058688237,0.0031776195110502447,0.646758275602038,-1.2056891438218231,0.14058800372363953,-0.07608436361788942,0.14071576174992254,0.0038139361383838655,0.06263753323880115,1.1380244432966245e-4,3.6488874027734652e-9,0.0013378310029062987,0.9337602133134444,0.13406969769505894,0.10154695360157863,0.061657188228202195,0.028784724579258382,8.074139767280662e-5
jorn,included,209.6107947,246.9332078,37.32241309999998,North America,semiarid grassland,32.54434074,-106.8108509,0,0,1342,275,15.40416674,35,29,0,0,0.38143333333333335,0.0348,58.6,704.6,0.720287628001694,3.5733352637464013,1.2710054053020877e-6,2.6500265976925776e-7,0.6839079673177186,0.4754749066090588,0.2733976795559851,0.1285585607187474,-0.7003346728494164,-0.19797941075788844,0.2351767959919425,0.0943734813962588,0.06844670196131589,0.44648810860170385,1.138439581351118,-0.935704597445198,-2.0741441787963164,6.943006745636085e-4,0.048156355030971786,10.991087606898533,0.2031667975885121,0.43200922521668944,0.7343796304351509,9.170983854243674e-4,0.3232377902066067,2.1676091420081618e-4,0.1335066732410741,2.245015843268191e-4,0.1883029617753616,-4.531412116311742,0.8238520291888964,0.06381056479008063,0.10337153980889588,1.3967139383161937e-4
kark,included,233.4103985,166.3513676,-67.05903090000001,Europe,tundra grassland,68.392169,18.323098,0,0,730,758,-1.737500047,35,35,0,0,NA,NA,NA,NA,0.8072454824998262,7.18792551269188,0.3007086508963854,0.00620955086487969,0.30743379275073063,0.7848088996856497,0.1451222734235731,0.03501930777247182,-0.3356371107555591,0.582934329255054,0.16558880008553067,0.36869620646019374,0.3851506542494598,0.008175715709971903,1.3383245649534432,0.41116956697691714,-0.9271549979765265,0.006735012025103327,0.20839786366867452,-4.910049165242447,0.30039408183099603,-0.15309403670138902,0.8471503214226936,0.0021931131368152553,0.6102980258695323,-1.712885829892586e-4,0.29812269355925786,-0.001293612382065679,0.3630294766190341,3.2546330825742746,0.7162482081528927,0.04005040066096166,0.14639941941574663,1.3425723836800845e-4
kbs,included,843.4261879,1002.624581,159.1983931000001,North America,old field,42.408986,-85.3909,0,0,288,903,8.795833436,79,18,30,0.625,1.1802,0.1002,25.8,168,0.5945970016753124,3.148159610966766,0.9300702370802041,0.015990258667147848,0.12607294894329288,0.2700588093368527,0.1661132608754916,-0.004350065309530312,1.4304247386053481,1.0035006389347911,0.02296659913679802,0.011149478201067523,0.5145076397798944,0.057422701726776604,0.64046958684011,0.9630355776587648,0.32256599081865467,0.0020225273298595738,0.06290328906539559,-1.593200425502693,0.6063865915723721,-0.028084838665833577,0.400736940250351,0.0018378686630916778,0.3649242102924781,1.1748235342505083e-4,0.012854289128827946,0.001092015717239779,0.20014862489149268,1.2449448785928237,0.6062870004955803,-0.030186189479304962,0.45464084164186325,8.150475822977166e-5
kibber,included,960.715232,2162.107611,1201.392379,Asia,alpine grassland,32.31972667,78.00954,0,0,4241,400,-1.454166631,37,17,0,0,NA,NA,NA,NA,0.7373023022337283,2.7413620620337418,3.7390408026701086e-4,7.736622597656254e-6,0.7991359607449422,0.3528991001952917,0.14063063502177459,0.11288288400018232,1.0297040593823577,0.1497555182860806,0.2727335227121954,0.6328247612918635,0.26075436255602047,0.4572040345415741,-0.6839003780298277,0.44957749610849745,1.133477874138325,4.6916438571713406e-4,0.5822647501378106,-1.6355063754959585,0.4292343461540248,-0.11885655267454855,0.6611853204932622,0.0013172435205285077,0.11536309138271177,1.2224295308477283e-4,0.10267306389361186,2.032446107373191e-4,0.16238374957532284,6.6366376368375315,0.11823562065894355,0.19538333484259826,0.12523176274681014,1.2241963362025936e-4
kidman,included,195.3310043,176.9291009,-18.40190339999998,Australia,savanna,-16.10846,130.9531,1,0,87,724,27.2583334,30,26,3,0.10344827586206896,NA,NA,3,454,0.37782768899127456,1.7756141724850687,0.48912840890246534,0.9769513352775592,0.6735671264736844,0.4918702756934056,-0.0015958518441892685,-0.01282598939536599,1.3785455697646372,0.5804409417793204,0.35843918774809524,0.35830887835329917,0.2065410466637227,0.0038221693128584226,-0.47415711107306113,0.7239431798734368,1.1981002909464977,0.004047860117530046,0.09749092728351941,6.091543013003051,0.5020407915292111,-0.03557211376811536,0.9364459541234924,3.2648243765189103e-4,0.694585133611241,5.45464168996978e-5,0.02662967189916632,6.335485966075563e-4,0.004452440099088816,-6.8752278515693925,0.21771054922547198,0.10752680324968462,0.786651176168434,1.192814556567789e-5
kilp,included,194.0203848,134.8316311,-59.18875369999998,Europe,tundra grassland,69.0567,20.8747,0,0,700,569,-3.250000015,101,58,0,0,14.070333333333334,0.9846666666666666,56.333333333333336,143.33333333333334,0.6652941668886588,5.2760208221079035,0.3193389291091857,0.010667195833858199,0.06428698941286273,0.6989932520078532,0.14307593519450595,0.035572718256458795,0.3929214187877368,0.8979278989126633,0.6505742979052114,0.9641002671326133,0.8229218855271812,0.07434484082175927,-0.2601246105919004,0.05373831775700925,0.3138629283489097,0.0032630438210877544,0.06063781855098437,-2.745557042008227,0.9231798856143929,0.012190521520244902,0.37099477187398056,0.004892068947681156,0.406692250627088,3.5348743032449336e-4,0.8637636189903517,-1.0529602317896353e-4,0.26012349536361695,-4.1766967089185965,0.6174841131831644,-0.1502967615610015,0.16838877670404762,1.3715839726765672e-4
kiny,included,97.23899134,147.8771067,50.638115360000015,Australia,semiarid grassland,-36.2,143.75,0,0,90,408,15.59166652,114,49,50,0.5050505050505051,1.3523333333333334,0.12,11,677,0.5455819479171349,3.0596582680296667,0.4411552993556833,0.0014737162085794557,0.2727751977350013,0.08402627137440911,0.12002574387971335,0.01402831660581261,-1.659343610882298,-0.5766537899829857,0.7016733916707012,0.14581098587507624,0.39424699692191423,0.2909753163559922,-0.29126932691418644,-1.1769859272289676,-0.8857166003147808,-0.0015343131378783884,0.3136410334463153,6.171587884553686,0.3576592483347676,-0.2115088498946788,0.3695708785273071,-0.005136114546997142,0.0021619188316607326,6.875421477896173e-4,3.843026132441215e-5,9.78074992064973e-4,0.004481337044644701,-10.572995764011807,3.933896963823002e-4,0.5362056080181062,0.2116427682431325,7.143602283885266e-5
kirik,included,1003.559902,621.7877021,-381.7721998999999,Europe,calcareous grassland,58.71,23.795,NA,NA,7.5,620,6.162500057,84,52,0,0,NA,NA,NA,NA,0.8673221419852937,15.163459821725146,0.02748146973557097,6.991643939062708e-4,0.666261976448015,0.41549710578180155,0.23927928643490645,0.07850707249291616,-0.7640926509596959,0.14483914197335032,5.440530630504499e-6,0.14301676849325645,3.550283423066652e-4,3.9961330541199555e-4,-1.9104156494140772,0.8849487304687543,2.7953643798828316,0.0038331666998768087,0.18877993716913505,-3.091539566696935,0.7605621313824413,-0.07509859229747885,0.2297097984363564,0.003073995731898126,0.17118340329002713,2.85616567356691e-4,3.1113518831344036e-5,0.0010463443526338026,0.3656664449055822,1.6575075365424221,0.11447531261534091,0.23250457839789881,0.12689081577823577,1.3247285095429023e-4
koffler,included,910.610016,1042.982212,132.37219599999992,North America,pasture,44.024047,-79.535881,1,0,301,853,6.279166656,51,19,18,0.4864864864864865,2.2155555555555555,0.15555555555555556,13.666666666666666,46.55555555555556,0.6166489224356727,2.5317388562516503,0.6492520607542158,0.004801048352447365,0.7059819626829164,0.5171782425591582,0.1856885595824899,0.01804375783510418,-0.7560103982265047,0.24494205067363412,0.9221128002454577,0.9232053086790877,0.9884572616203928,0.24374263796086115,-0.02827473739746781,-0.03506163365148742,-0.006786896254019418,7.935051441883143e-4,0.08076553333887644,-2.5008190720589876,0.7183565851060403,-0.027199594337320655,0.8753014113564066,2.7458075259987854e-4,0.4854115237865976,-6.72617756973664e-5,0.3462585536116185,-2.7186944612322717e-4,0.5042019967589928,0.7914443304852666,0.06008315249183689,0.11968572438381886,0.45215420029841447,8.38247562664602e-5
konz,included,736.6248493,894.1159293,157.4910799999999,North America,tallgrass prairie,39.070856,-96.582821,1,1,440,889,12.07500006,97,90,3,0.03225806451612903,NA,NA,NA,NA,0.7289782598761395,5.250989752812833,0.5288777192148134,0.025050462123712383,0.180351860134417,0.19696091620925846,0.1430887997994253,0.025534087810736426,2.8297943446626928,1.5755341966793488,0.04010136062647798,0.4699401233383915,0.06751627625657369,0.003227356739872134,-0.42273104071943773,0.2569770654877049,0.6797081062071426,0.003928271425530169,0.7908799877867072,0.2298384845292986,0.6705182102384185,0.01284010155464867,0.052582509195667315,-0.007920029843342655,0.003032373351711137,2.9610246846224135e-4,5.072953966422592e-4,0.002393491540639174,0.038413089498660485,-2.1599203366441238,0.010295895009212084,0.06713215300564353,0.48829971855875287,7.717494848503603e-5
lagoas,included,500.1487302,722.378854,222.23012380000006,South America,cerrado,-20.982778,-51.798889,1,1,279,1145,23.20416669,33,19,5,0.20833333333333334,NA,NA,NA,NA,NA,NA,0.0033956106668576306,6.091581619821253e-7,0.07218168619124775,0.7463963159694783,0.13321752167730044,0.05763394621210933,-0.51631928116196,1.7573020477440293,0.01425195631985385,0.22321432718771977,0.004804378436391559,2.840907589791592e-4,-3.58689830392074,1.6474284144748836,5.234326718395626,0.003289088230020882,0.5419901200329957,-7.066127945538303,0.05789711107400333,-0.3311159393018012,0.5560634991262894,0.003336478252408276,0.23080452961389997,9.627067235713809e-5,6.236717139575594e-5,3.9595632105879954e-4,0.3511518483720706,9.524711653547033,0.9274924128307802,0.013549397072657694,5.901292808759848e-4,9.357332859503715e-5
lake,included,729.8345964,976.1090408,246.2744444,North America,tallgrass prairie,43.3791307,-95.1863858,1,1,452,726,7.287500044,89,64,21,0.24705882352941178,4.6066666666666665,0.32866666666666666,23,318,0.6831629325435908,3.6356522508160953,0.6940736512615711,0.04985401217276211,0.7447852446341978,0.13039399474990804,0.13586874081821668,-0.019227809212536234,2.466177557180588,0.28141570809264843,0.905166103488571,0.7902943293651535,0.9258881646463658,0.06098907789788874,-0.023744570244342855,-0.049409312835891145,-0.025664742591548603,0.0015904865078331068,0.30917280344384873,-0.6982521617047044,0.3541564682421635,-0.03503200186490703,0.963087751532838,9.748017577330267e-5,0.15464349193677698,1.267328169661234e-4,0.5939599092804937,3.21956651508881e-4,0.3598156206567952,0.602807732350593,0.28713300686062276,0.030088138751605382,0.5574099829013351,7.449730463035626e-5
lancaster,included,1120.825246,889.9731648,-230.85208120000016,Europe,mesic grassland,53.98562471,-2.628417566,1,0,180,1522,8.008333346,34,31,0,0,23.528,1.18,38,112.33333333333333,0.5432264275492494,2.191459254859723,0.18433371674560373,0.0021528240386378726,0.5931805040630155,0.017052888789582273,0.13656372183231497,0.05500643643786692,3.5892407629634113,0.36791507439877086,0.9792763258912485,0.44182305492309204,0.504609532529974,0.1877267178889163,0.01451783482357474,0.5875396596481108,0.5730218248245361,-0.0019449089347527686,0.6829532447511028,1.1161214399767814,0.9923678024906579,0.002318943768771042,0.4705525090727708,-0.0043974053715487545,0.7351382364468244,7.795039773016002e-5,0.7808292982404482,1.8153669430090962e-4,0.20210735109396322,4.1800292565327695,0.757167018284513,-0.039751340594562055,0.1154565500084033,7.851121954749688e-5
lead,included,117.8996878,118.243783,0.34409519999999816,North America,salt marsh,46.6149,-124.0484,0,0,2,2224,10.89583328,13,10,0,0,12.386133333333333,0.8307333333333333,145.2,1276.0666666666666,0.6912695122205853,2.413247449594034,0.3067175378767971,0.004048891409346881,0.5768196830787778,0.6178818595374431,0.1438996194719186,0.03086228591594865,-0.8628315198068685,-0.8700645706981927,0.04081474820080211,0.9950876191213667,0.1339527706709192,0.0031220797656304872,-1.0008008970046414,0.003123498318116101,1.003924395322758,0.003547561969491999,0.15972349555580057,-2.5505323563077833,0.03960451625363112,0.0752146194719685,0.5875805852934444,0.0015582382439114754,0.8926021356009644,1.3751089138984298e-5,0.049676338701753676,8.513986057423619e-4,0.7284164066992772,0.509054778606555,0.5492224319217917,-0.03090996957809581,0.27020759538088174,4.6593837602622114e-5
look,included,207.2604308,239.6195003,32.359069500000004,North America,montane grassland,44.20517707,-122.1284473,0,0,1500.492,1877,6.895833333,51,37,3,0.075,18.63266666666667,1.264,63.333333333333336,139,0.7262294793956917,3.6842246789717947,0.1339502170568371,0.0038231580778969676,0.392847107784029,0.2643084294085241,0.15163450486564917,0.051505809646469426,-1.0685199889322037,-0.7003732524169737,0.648297094602062,0.014779155300487718,0.23152403167826593,5.190569014121335e-4,0.13751638714343953,0.5959043442882331,0.45838795714479363,0.0023181481609135406,1.8615870615216381e-6,-6.303738900504866,0.10633334776271251,0.10640706310248722,0.7458462154958121,7.564655554519064e-4,0.58488007535782,-7.121377298403569e-5,0.6681217037106965,-1.422361028107553e-4,7.216818267003182e-4,3.8776939713018046,0.1430843795080702,-0.10088648471545349,0.4235552315823917,5.722559700400863e-5
lubb,included,409.913588,432.4458953,22.532307300000014,North America,semiarid grassland,33.60001,-101.89765,0,0,976,480,15.8458332478379,19,16,2,0.1111111111111111,2.3,0.21333333333333332,20,813.3333333333334,0.43185691928458286,1.3841577069361053,0.03289074922527996,5.013837433972649e-5,0.42939569667588684,0.2111543604209722,0.2281982007020525,0.081029603778933,-1.546332070542118,0.40800515562104156,0.9115767610634753,0.5780393395255224,0.5930215866709234,0.4759006477348704,-0.12309567336989656,0.4961913467397968,0.6192870201096939,0.001165824879172034,0.9741278077759346,0.1568480446086675,0.014584608198541111,-0.7812146779797229,0.2601331511698355,-0.004670358553802993,0.00620239528817512,4.82746870430551e-4,2.5537806429474098e-5,0.0010039046696586017,0.0015183269820434272,-8.709370719478908,1.1489774200149103e-5,0.5005134301117983,0.21726610122847986,1.131211892318051e-4
marc,included,272.6899926,261.2300015,-11.459991099999968,South America,grassland,-37.71516,-57.42451,0,0,6,907,14.31666676,65,45,16,0.26229508196721313,NA,NA,NA,NA,0.6373565033471978,3.3246348021682754,0.19166029889508587,0.0652757438798012,0.6297581535695297,0.9520428472938804,0.07640928037685261,0.02681365381659649,-0.06951089169221004,-0.3201280108216977,0.5699859876223323,0.8336702827941969,0.8088022734146999,0.010049973803638751,-0.49539331650804225,-0.17523641560495012,0.32015690090309196,0.0020315053549510515,0.27498476039163167,6.856993768482202,0.1789780715026366,0.2727415524836975,0.2953617349035177,0.003719948979916542,0.37308970912550377,1.140117718849082e-4,0.009039356880754195,3.1378862681613417e-4,0.3499333812411698,-5.012598259784996,0.2495853787920717,0.22055491261451998,0.5976249325102563,2.6240862998630534e-5
mcdan,included,1094.293303,1001.934222,-92.35908099999995,North America,NA,39.528033,-77.04138,1,0,230,1085,11.6208333720764,71,0,0,NA,2.5716666666666668,0.22,26.5,138.16666666666666,0.8196728863622269,2.9183145740892793,0.07426917784643125,0.00597066552544612,0.22408352421606964,0.014845855075850862,0.15622909882200597,0.06279280599940329,4.249884174965536,0.9841312656377991,0.14169878499355038,0.0053968845563845645,0.03022817286371794,3.333440421175105e-4,1.4242083627721756,-1.7016828312672625,-3.125891194039438,0.00513209255801877,0.9538366184201922,-0.1951637390983118,0.256284739114248,0.157625329940692,0.5138204072476678,0.002121582676241639,0.007171828079163888,2.9592690427036314e-4,0.19744992090586788,-3.035072497559932e-4,0.10708598975769204,-4.687622807283308,0.151878476801055,-0.1540422085711737,0.47528453421803085,7.096860225452402e-5
mcla,included,469.5541441,470.7316752,1.1775311000000102,North America,annual grassland,38.86427212,-122.4064063,0,0,641.801,936,13.97083341,78,30,33,0.5238095238095238,NA,NA,NA,NA,0.1748174819356234,1.1431185567432975,0.1428692091183029,0.19327352943872583,0.877599175358363,0.8464439470420133,0.08473617297188527,0.05032174706919342,-0.49830119636298414,0.46100377717380764,0.08720357125809573,0.5743525308119091,0.07417540410157963,0.36267806808641445,0.9063537221431958,-0.1512565196775723,-1.057610241820768,-9.651654873603767e-4,0.8870697486380428,-0.398496065644244,0.7743674678098595,0.00960105437366096,0.9228946079216879,2.765844728205363e-4,0.7429567620862971,2.4471393115010295e-5,1.2462460131095842e-7,0.0013419427372983377,0.21439983300664997,-1.9837141634499877,0.4093297053811259,0.03467830726601221,0.17566025479852546,8.404649365357341e-5
mitch,included,120.2469095,108.7028356,-11.5440739,Australia,semiarid grassland,-22.483584,143.323501,0,0,242,421,24.45416673,17,17,0,0,0.6184999999999999,0.0528,25.9,583,0.5365426109098749,1.993428338306049,0.23634332752385095,0.38178753742787064,0.5594789056031608,0.8514547711069611,0.05728444991731715,0.03584301161796856,-0.2889318116709234,0.6603989470419257,0.5979381535731073,0.19034437658821918,0.361543793167988,0.5575756527574354,-0.5822132962562517,-1.6499819764148804,-1.0677686801586286,9.143149543682412e-4,0.025149289918642567,11.5665079777221,0.01496196635097695,-0.3405212478128494,0.10809020956956855,-0.005864853403346721,0.4078624110460878,1.418836321086911e-4,8.688523216959527e-5,9.324778287926909e-4,0.00645885008069683,-7.122267123652529,0.3864294665698338,0.11196291556945696,0.37127784750503867,5.251600296128825e-5
msla,included,251.0607264,291.067041,40.006314600000024,North America,grassland,46.664613,-114.0005227,0,0,1169,340,7.316666628,51,37,14,0.27450980392156865,NA,NA,21,303.3333333333333,0.7908793229995768,6.286603332254459,0.6077952925004578,0.4734427812359482,0.24196255883919973,0.07851471988134869,0.04350065491527889,-0.03279279482621637,-0.9676962666529939,0.32674388670706417,0.7383660640751326,0.7874800825234131,0.6496406777808812,0.8671130514084959,0.13150576710379366,-0.17648917680522744,-0.30799494390902094,1.2172528939802893e-4,0.7355843311380788,0.36242082969038447,0.8536164371322459,-0.04572276802258239,0.8650448752571267,-3.5103845414500374e-4,0.36080672832669336,2.1204865600212307e-4,0.6374260262518293,9.177317292605907e-5,0.6582155640127375,-0.846892533105247,0.4063085741158303,0.179056390961604,0.6489588686951446,4.223879702057606e-5
msum,included,572.5572337,711.6059457,139.04871200000002,North America,tallgrass prairie,46.86962418,-96.45352319,0,1,310.896,556,4.98750009636084,33,26,2,0.07142857142857142,2.1193333333333335,0.158,28.5,152,0.7373721110194681,3.951784066912816,0.15117953868504203,0.139735473774409,0.4121751045772093,0.32837068244611956,0.10422136350948465,-0.07150578659933944,1.1451738664388984,0.5521750237183822,0.0429526503700179,0.22389117846026285,0.3576686511714141,1.323537288756474e-4,0.3657657657657658,0.18455598455598474,-0.18120978120978123,0.0031956721073128714,1.8789241731661005e-6,-2.5956877535750933,0.6140180988469868,-0.024774628476443836,0.7383424397096585,7.592386893781196e-4,0.8735818866621884,2.2916411781814937e-5,0.6134636757392437,4.131563974113436e-4,0.31030514126677383,0.49007513933282326,0.2503428451374852,0.03508409655697374,0.6817543171630109,5.638988644427612e-5
mtca,included,85.73024561,97.2758455,11.545599890000005,Australia,savanna,-31.782138,117.610853,0,0,285,324,17.74583335,67,43,22,0.3384615384615385,NA,NA,NA,NA,0.6323374039672338,3.770066199353202,0.8419520554029442,0.09863408899640032,0.02418275595373769,0.22946703636407464,0.0815959022158681,0.003809538096228673,-0.7417889331058722,-1.2778507713185308,0.017975545864367896,0.0380611381823217,0.008778843586066365,0.46305820185437285,1.2199753824512112,-0.5701600140671443,-1.7901353965183557,-7.787756200516964e-4,0.6380202104625009,-2.0804839672012037,0.0012656213870995523,-0.4541867325158891,0.13866056258419232,-0.005023417998608416,0.010186088960853266,7.080200085087615e-4,1.2755968823293485e-6,0.001107400332544463,0.005520825513223915,-6.071655489016114,8.78828170863746e-4,0.5970677968030059,0.646214194206765,2.758539972918582e-5
nilla,included,162.6522256,215.1029834,52.45075779999999,Australia,old field,-36.896,146.007,1,0,280,947,13.7833333,24,7,13,0.65,2.8836666666666666,0.20866666666666667,15,70.33333333333333,0.6464760910379437,3.4949227941803556,0.3618034175184788,6.05872893858253e-7,0.315026395692176,0.17309504201711134,0.2200514794009693,0.015907340006785568,-2.937413306463331,-1.0265893928792942,0.6065003423194699,0.4798024835976691,0.7834763795902059,0.46034170538831243,0.8151690821256139,0.33159420289855246,-0.48357487922706077,0.0014338580755306526,0.4227504578533726,-10.755281273495584,0.1074663032645548,-0.34337339418976986,0.26538967169953487,0.00639133431675569,0.8150486534666896,5.392649389057306e-5,0.08104006629334827,4.549956779662761e-4,0.5860141940980426,-2.7806985186826627,0.655775048429164,0.09002298875917676,0.21332652282781783,7.045760836286218e-5
ovor,included,277.3507768,297.5391564,20.18837960000002,Asia,NA,47.7688333,106.8850333,0,0,NA,275,-1.48749987781048,47,46,0,0,NA,NA,NA,NA,0.8089307097109258,6.008761170478525,0.022281630164218125,1.9839221696747599e-7,0.3304891745486783,0.011328542125140388,0.29626771595372303,0.09230373995510485,-2.1128958377752247,0.21617760072190031,0.10972928348082374,0.08968851216422097,0.022721558986102085,0.0012246311745348888,-0.7703153079562208,0.7470184610357828,1.5173337689920037,0.0056129033413993,0.7800212175670611,0.45139121376181357,0.3290505812717991,-0.2947354361228129,0.07055259491515353,0.007811500201148625,0.4536091147880301,2.386143193217348e-4,2.874677651641798e-7,0.002146348449535219,0.3476124004386395,1.5515744103215918,0.10225673977133383,0.19046372587515384,0.45221929876495204,1.1813192218683481e-4
ping,included,85.73024561,97.2758455,11.545599890000005,Australia,old field,-32.496169,116.972947,1,0,338,456,16.27916669,23,5,17,0.7727272727272727,3.908666666666667,0.226,9.666666666666666,124.33333333333333,0.6696872798754473,3.2932739170127037,0.9408489415307775,0.035822388267297646,0.01589784874350182,0.32795430428688455,0.1136035957238242,0.001673109160120644,-0.9602445440095955,-1.3237580626934506,0.9987726384781099,0.056485297105900674,0.6223361134926941,0.19636943728489742,0.0010026737967828438,-0.36631016042781994,-0.3673128342246029,0.0013889245033259616,0.10953788812163925,-7.393465805485418,0.002689174392540646,-0.563791261400062,0.5620173204432026,-0.0018448122871700702,0.12692192830645432,2.5738437249154763e-4,0.031783947186260236,5.428667867518535e-4,0.13680479294329992,-3.263895724333421,0.08228750039889059,0.2040775213531372,0.6344774128186199,2.671213674768503e-5
pinj,included,298.4301654,317.390671,18.960505599999976,Australia,pasture,-27.530556,152.923222,0,0,38,1085,19.99166675,34,7,23,0.7666666666666667,5.923333333333333,0.47000000000000003,147.66666666666666,323.6666666666667,0.4504524264336415,2.1371901545252046,0.11634743958059689,0.043231997517477486,0.7968414242946595,0.4875648297905263,0.07347492711424468,0.04009008125295267,-1.701338462725256,-0.45447871577632365,0.556701973550153,0.08726326532111871,0.20405587649123055,0.485931528990722,-0.7446483180428185,-2.9977064220183443,-2.2530581039755244,-0.0010328136102888017,0.9061308519159833,0.9943191241049488,0.9317359209179894,0.010578183043346451,0.03484607393672832,-0.009995137153103318,0.07904651902339573,2.0483038249753777e-4,0.2339668163262615,2.619449895776159e-4,0.8033945791470778,1.5375600302562027,0.8208311835627387,0.0336212318459931,0.3223396128717707,4.517559723164793e-5
potrok,included,31.01291627,67.08795666,36.07504039,South America,semiarid grassland,-51.91602778,-70.40744444,1,0,150,249,6.620833296,34,34,0,0,4.1437023706666665,0.30334219900000003,28,289,0.6996429391982334,4.394572068034103,0.12141916866975012,0.5013020223107612,0.1275803396843762,0.9707469819838055,-0.026750698076242883,0.04924066773252589,0.013249312862964286,0.4037709086711502,0.22576191659236136,0.6535437788931866,0.7575149120154754,0.11116172601522556,1.2436079545455188,0.6351799242422871,-0.60842803030323,-0.004435151683671322,0.1750598451709944,-5.722138298549117,0.12492902442995503,0.5248169183797369,0.5412413911250431,-0.00396987003460735,0.38215092670400164,-6.885844293181107e-4,0.25347890458539285,-4.502590008382421e-4,0.34865879840768843,-4.064111902647119,0.09617782359922161,0.851352700265586,0.7074631741143097,1.7255301603433732e-5
sage,included,195.2831044,233.4712659,38.18816149999998,North America,montane grassland,39.43,-120.24,0,0,1920,831,5.829166705,45,43,0,0,9.453666666666667,0.7143333333333334,34.666666666666664,253.33333333333334,0.6835551803125512,4.31072723468862,0.532672279771337,0.030788563082180788,0.5063861470032012,0.8834579490537622,0.13824971065864985,0.023101671719911655,0.14480049954092056,1.0808493090105482,0.4296542135048409,0.07848907136673082,0.039300633484404844,0.06466461388550737,-0.2381683088353754,0.7688176385074366,1.0069859473428122,0.0016228958179520853,3.635562353026193e-6,-5.534267751664085,0.013131848618784563,0.07209010002863558,0.8821774978259908,3.3433680666996863e-4,0.7813732148349937,4.249377404866947e-5,0.07561240182206355,5.780163893147278e-4,0.052843076814221436,2.3684275895121925,0.4874807348714181,-0.059334944127045514,0.1904641978497125,9.697590764851573e-5
saline,included,641.6847476,711.3753564,69.69060879999995,North America,mixedgrass prairie,39.05,-99.1,0,0,440,608,12.10416666,122,89,13,0.12745098039215685,NA,NA,NA,NA,NA,NA,0.5467091323843243,0.04125240444385648,0.3080078221215991,0.21274614571540137,0.13261260986328102,0.023552121465576774,2.117709228829837,0.7585070575679788,0.7268559176150562,0.39239813133401213,0.4515373731588226,0.017279429049779187,0.0924066924066924,0.37683397683397685,0.2844272844272845,0.0024983378245211855,0.35941513945016623,-1.133448368639077,0.17383750899265932,-0.08447994714693406,0.14201412909911224,-0.0039377162898124665,0.0019340156604175688,3.2070228276755733e-4,2.1608417568565405e-5,0.0017903907123161535,0.10901013113654301,-1.5614321234592636,0.023317009885057846,0.08839099425425537,0.46170172865076764,8.341836244155946e-5
sedg,included,367.630014,263.5694724,-104.06054160000002,North America,annual grassland,34.7,-120.0166667,0,0,550,478,15.57500005,34,13,15,0.5357142857142857,2.4111666666666665,0.19716666666666666,65.16666666666667,432.3333333333333,0.6305977982636078,2.7166705102016597,0.014995118489414264,0.4669765963508653,0.6683206733198637,0.8272297243936534,0.04513511080846133,0.06988415675120166,-0.556563600670532,0.6344916684996532,0.033075155028751135,0.5343579548157138,0.021205300391388612,0.540950227181965,1.0353585729360875,-0.13424982291801874,-1.1696083958541064,-7.11434552877995e-4,0.9073282586322733,-0.3562938143646426,0.025771264459438427,-0.13107641802993233,0.9279917508718938,-3.102240732248077e-4,0.20029905164581618,1.0077517413512378e-4,8.820657088526455e-5,0.0013642410284533909,0.45914509647077806,-1.1664836930278017,0.02848385001295529,0.07747608533847314,0.1724093325541095,4.432016545497002e-5
sereng,included,363.4930868,488.8986891,125.4056023,Africa,savanna,-2.254503,34.512613,0,0,1536,827,21.94166656,75,70,0,0,1.7113333333333334,0.133,72.33333333333333,597,0.7189221739377115,4.8896684199495315,0.0169512053861783,0.0010148367008322187,0.1394972275667472,0.7748199127809121,0.10709137640404451,0.030749160907686358,-0.4803859963533578,1.6176387482539745,0.5829056717949146,0.5774719045509056,0.45484946535873716,0.17174722704029005,-1.8958724202629338,1.5844277673548062,3.4803001876177415,0.007932829645344478,0.8004792416780199,4.382869842748892,0.10770035724104898,-0.3310067479472996,0.48733693544768897,-0.008471228703735659,0.13285719953017397,3.071226115088513e-4,7.414872944305848e-4,0.0010757365104233421,0.9312967063150243,-0.8557376812248341,0.0729359717871632,0.28629647965025357,2.093939505706399e-6,5.02648709956855e-5
sevi,included,239.4678947,285.5225696,46.05467490000001,North America,desert grassland,34.3592,-106.6905,0,0,1600,252,13.06250015,79,55,1,0.017857142857142856,0.33499999999999996,0.0304,36.6,205,0.49607853741553504,2.285231093987408,0.2011979270506899,1.1835487042217464e-7,0.3353404678961217,0.15270686941534314,0.2690862338975591,0.04073359901840569,-1.2698841739000062,-0.31364222880706966,0.4771375890961417,0.025539768304144103,0.7358889286043646,0.09725034205153303,-0.7055220803932377,-1.0502358677554862,-0.344713787362248,9.367873813254196e-4,0.340652428590164,4.891881179303295,0.07136965728862528,-0.878558438766352,0.6207950673411159,8.020504673297783e-4,0.146427177861632,1.577445420322835e-4,0.5138789236489898,6.890021483770807e-5,0.6375244116522816,-1.3507689333984,0.2962665324752152,0.20236800286937123,0.1121861317145471,1.3301952150996312e-4
sgs,included,473.0192551,492.3268623,19.307607200000007,North America,shortgrass prairie,40.81667,-104.76667,0,0,1650,369,8.945833281,78,56,7,0.1111111111111111,0.8265,0.08449999999999999,68.5,288.5,0.5758201392452956,2.1220808545824634,0.26264359266026266,0.9722745940854536,0.08380742716386634,0.48945979966453323,-0.002329481829392955,-0.04487773917970185,0.8598455068841083,1.1775161068105024,0.6236843240184349,0.3697060919202457,0.2895479564045684,0.1873536852933711,0.13380307916904802,-0.4577489441891342,-0.5915520233581825,0.0014673751688691168,0.5088583600291818,-0.824615491290345,0.24088920535739883,-0.08960219201376053,0.00671759098248769,-0.007903089704688908,8.094079455779253e-5,6.06917809333947e-4,0.08604270826320687,5.897485705410475e-4,0.633293230536008,-0.7579326690568611,0.7278682310816944,0.031119630152328315,0.5070803251136095,6.383236949998034e-5
shps,included,194.9321341,244.8221285,49.88999439999998,North America,shrub steppe,44.242989,-112.198391,1,0,910,246,5.320833323,97,53,12,0.18461538461538463,2.2605,0.20675,38,532.5,0.7592693154792535,5.48005299019594,0.8609058756530636,0.19569057246144997,0.9020302657787898,0.42024271670248126,0.08935647665917386,-0.008262547461299098,-0.5643887507562624,0.04153151285080725,0.773178931143376,0.2407132779157555,0.2291903059888529,0.22597603947087824,-0.08195720521351604,1.078401147706114,1.1603583529196306,0.001161942972385834,0.022583042137504405,-1.993237352457463,0.5988526924234534,-0.06350142617571232,0.029252528715904374,-0.004938409275239094,0.014281656004727677,5.79010454783476e-4,0.005078790901700921,5.24608471951254e-4,0.2080350264869581,-2.9934402459962652,0.06426258138864621,0.4560275008414685,0.33340952758295395,9.397826324329646e-5
sier,included,276.1179516,344.9024217,68.78447009999996,North America,annual grassland,39.23550963,-121.2836963,0,0,197.195,936,16.30833341,123,45,45,0.5,2.089,0.17133333333333334,17,82.66666666666667,0.6098362361497286,2.922754014858434,0.027345361612982694,0.11432080182486577,0.7972058724988664,0.6252019942258926,0.09920206898427882,0.07249882007561097,2.063642423604763,-0.6687768140408393,0.34457989724324234,0.00755391443078868,0.9175235405445168,8.748886967161183e-4,0.5229686661410116,0.46326272337549396,-0.05970594276551735,0.0018713446637113743,0.429245117378394,2.183297128268851,0.5876180302066161,0.021993978298796464,0.012055268615739266,0.0043024317468567585,0.8299100728335645,6.1390088160413596e-6,0.21693579716759173,2.293806644263437e-4,0.12111261538616629,-2.555174222490223,0.07552161330593803,0.04624523656334724,0.17023548183606027,1.0199259188053437e-4
sirsi,included,779.6941045,1011.8849,232.19079550000004,Asia,NA,14.4188,74.74329,0,0,540,4014,24.1750000317891,16,14,1,0.06666666666666667,NA,NA,NA,NA,0,Inf,0.01835125845628183,1.847516083866259e-6,0.5542565129993775,0.03251165876309081,0.10620336274842895,0.03307595786901071,8.070385633825186,2.9001287099477366,0.5759416546633755,0.2490692271678428,0.4013262863034979,0.05310306809266654,-0.740825688073384,0.5191826522101676,1.2600083402835518,0.0029814216047709466,0.9595620965583768,0.5918369704787592,0.4802736883527412,0.04109407897312729,0.051843605319995024,0.014416221918090078,0.9146132772154935,4.327627381826852e-6,0.567929544002392,2.5834336191742064e-4,0.7079272442252961,3.0111356831317635,0.26418039246708497,0.039508442262931404,0.0026380741752099093,4.573911241502898e-5
smith,included,394.8366506,394.6100191,-0.22663149999999632,North America,mesic grassland,48.20658068,-122.624754,0,0,62,605,10.1833334,57,10,46,0.8214285714285714,6.9143333333333326,0.5213333333333333,68.66666666666667,168,0.7222950489428419,6.886778080915591,0.8039798640382585,0.2617810551456085,0.4498990139129847,0.7915842461961223,0.06882882965117428,-0.009549546142035749,-0.5412743092196998,1.4479020632985617,0.0789105040737426,0.3337426835556284,0.02283629838438676,0.0011765124609592551,-1.0538131086689029,0.4711175526036015,1.524930661272504,0.0037615914264490617,0.036942963757072435,-5.576293845341379,0.030049644093828848,-0.10490024539524687,0.4336774576029294,-0.002628432502063013,0.3399569299435985,9.892644137883888e-5,1.0509888337066542e-5,0.0012716039083717815,0.6988886291582529,0.720461144778587,0.2095552871630967,0.07145870006058454,0.47391913447090317,4.419482596066721e-5
spv,included,90.96307772,108.7292626,17.766184879999997,South America,semiarid grassland,-42.653747,-64.171606,0,0,70,216,13.15833343,22,14,6,0.3,NA,NA,NA,NA,0.8647628774873622,6.04321926681491,0.024011716021769894,0.07395208237167371,0.21589756344096472,0.908072141388283,0.08509653838905126,0.05557271743833265,0.0716087889410517,-0.5326254585841752,0.33795886140301323,0.33784678873860063,0.9481085112712111,0.25286691592410165,-1.8821330184966585,-2.0684769775678893,-0.18634395907123044,0.0018063029749856153,0.2176279540945602,-9.725643867452145,0.9779592323401386,0.014007611359986304,0.10096611614743728,0.007244495009673873,0.5632473468444164,1.4965121931362533e-4,7.22071565085795e-4,4.1454883521243913e-4,0.24491764051008777,9.58358758013861,0.059267093876234536,0.8388241523030059,0.5812793438834974,2.9014128179754297e-5
summ,included,433.6001038,711.8457431,278.24563930000005,Africa,mesic grassland,-29.81161,30.71573,1,1,679,944,18.43750012,105,103,0,0,6.334484848484848,0.3252424242424242,12.393939393939394,85.87878787878788,0.8025177609146573,10.285037891491415,0.0019170644383640996,0.0139500398466192,0.474703040708473,0.5945205819180593,0.10063062886320392,0.05339024472768052,-0.9215701410055385,-0.7906352798765484,0.09314180850908574,0.5274424259926186,0.10171445062098655,0.290042710108658,3.124469589816357,0.5431400282885492,-2.5813295615278085,-0.0015179936995969423,0.08499585354716621,22.604682105101745,0.5615345802278195,-0.13698816590511434,0.4938663214683571,-0.00378584227521045,0.5314640887759405,1.0907437155655499e-4,7.641195692292019e-4,7.282262888134274e-4,0.28052601712786746,-6.6463100136904645,0.44652615100129023,0.14988030879502864,0.05430541800062138,6.0575879935969685e-5
sval,included,140.1087271,106.5732551,-33.53547200000001,Europe,tundra grassland,78.7,16.4,0,0,50,302,-7.574999941,14,12,0,0,9.848333333333333,0.46499999999999997,7.2,77.8,0.7234668914686377,3.5209191574943928,1.3392767409551895e-5,1.4431944915293076e-9,0.22692711450151976,0.20234072542910245,0.29256114232781755,0.07072072323301423,0.5453280838913588,0.29217499505292127,0.14974501294941092,0.4165202720935131,0.9757252051607247,0.8696575444117196,8.107142857141177,7.821428571428978,-0.28571428571219765,0.0014701646460129622,0.3948375150443857,-16.10283583895848,NA,NA,0.021370853647637248,0.02540834026393223,NA,NA,0.7772798524980423,1.4707914412193318e-4,0.30281507393649615,14.969578991058635,NA,NA,0.0010898829160844428,2.9045943709014063e-4
temple,included,669.2313239,775.8511949,106.61987099999999,North America,tallgrass prairie,31.044,-97.349,0,0,184,877,19.39583355,105,70,4,0.05405405405405406,9.776209302325581,0.37390697674418605,20.767441860465116,439.2325581395349,0.7770833552819526,6.532520563443173,0.11720187384243759,0.007158340447598754,0.7491811114311129,0.6864396360454181,0.15870015697896728,0.07577863979216874,0.7374903803473105,-0.24778643679281245,0.03208924254963428,0.11681669056159237,0.03932425034921231,0.005155954929891544,-1.0745659198238717,1.2720590846144753,2.3466250044383474,0.0038065160945742406,0.16182645323326797,-2.2800463001053397,0.5015508625672908,-0.07851959945573478,0.7878698827138344,-0.001014906174721948,0.4178047267791051,1.0233637490098784e-4,5.920411983734374e-5,8.601730272144196e-4,0.03701384903824969,-5.930869870935701,0.026708813159156145,0.21107559508378643,0.21528500327015293,1.0542744300938759e-4
thth,included,91.87305415,66.98582395,-24.887230200000005,Europe,heathland,65.90129,-17.08927,0,0,380,572,1.21666665840894,58,53,0,0,8.317499999999999,0.374,5.333333333333333,97.66666666666667,0.6755169052578902,4.550240010988973,0.3246610848330935,0.03359682880821031,0.6390764480987818,0.32405805897139583,0.1384684732368396,0.025611326209673383,1.3240155656979022,0.24967825691979256,0.10544659966746736,0.306181608717086,0.08631995919624817,0.3582334815164621,4.216494845360702,1.6237113402061354,-2.5927835051545682,0.0033054917443458166,0.22985936179695693,-11.900121177515937,0.6778557873965051,0.25495750222268154,0.8106811674517687,-0.0016407939054862615,0.26645051247731855,3.424713255017288e-4,0.8143708847455766,-2.899655061835244e-4,0.27606068149764346,3.376049489951078,0.2893695074514082,-0.1664793219909698,0.03125328406805546,1.3062931353501287e-4
ucsc,included,269.1088981,190.3690047,-78.73989339999997,North America,mesic grassland,36.867861,-121.739944,0,0,140,542,14.07083331,17,3,13,0.8125,NA,NA,NA,NA,0.48270318831159237,2.013933522465477,0.012753947043089978,0.281779887637624,0.9192460868380077,0.9216224102185397,0.08086327847933061,0.07847321751333904,0.17355017270791542,0.1188714816255705,0.767252334606814,0.7855042854276613,0.863601503605626,0.8160403026693428,0.1564722617354185,0.05879563774300654,-0.09767662399241182,1.829941324292184e-4,0.4905509922744953,1.8855423296335756,0.04337106064311854,-0.1559756337468048,0.5175235639579487,0.0012088204378009936,0.963619461636591,3.7399309641439317e-6,4.976561322011722e-4,7.540690095045585e-4,0.013798059621249808,-3.219214836737556,0.32769586996813993,0.05819534243539178,0.03712669089511574,7.968406649063946e-5
ukul,included,433.6001038,711.8457431,278.24563930000005,Africa,mesic grassland,-29.67,30.4,1,0,842.5,832,17.65416663,176,118,7,0.056,5.235333333333333,0.3168333333333333,NA,NA,0.7280094318889009,6.2179589811196525,0.001289753342849448,0.012002315030157145,0.3904188285242022,0.6115671372510589,0.1031274235846907,0.0547415811114548,-0.786190450145458,-0.8395684682231713,0.6279640022715396,0.634242873967364,0.4363219838749607,0.03240987145651116,0.4669751787968266,-0.39643808722479446,-0.8634132660216199,-0.0031751207459374342,0.10978413265511289,11.64602314040626,0.1370655737181081,-0.22909641346551912,0.053874767950021114,-0.01122006680055961,0.814994390887311,4.857190342848828e-5,0.10324539027541087,5.648672368471771e-4,0.288713376352435,-4.5882718692730045,0.608298057255843,0.07540758375085288,0.07392060668867913,6.276207867758298e-5
unc,included,920.9056197,820.0723927,-100.83322699999997,North America,old field,36.00828,-79.020423,0,0,141,1157,14.86250004,67,30,13,0.3023255813953488,2.091,0.16233333333333333,23.333333333333332,132,0.5651193829067114,2.828494858991133,0.180458528411439,7.687103096588449e-4,0.940853727327145,0.2948968650424592,0.20171170793138074,0.05155727240416391,1.9243629537800826,0.07583007063797816,0.005824464086965282,0.20054151523622515,0.009282231198924564,6.995269686086378e-5,-2.0640896791649177,1.2564875660351709,3.3205772452000875,0.004037859470661131,0.13066829525920687,-4.740266792904473,0.836407574977076,-0.02486567891617592,0.34766413840825117,-0.002992134310526982,0.02524814804628846,2.0537248171420043e-4,0.001468737982712984,5.61908502576838e-4,0.27926949948953794,-3.8867018046177493,0.02797791448153088,0.228756024337998,0.24523499020171755,1.0303061824083442e-4
uwo,included,640.2636253,805.5921716,165.32854630000008,North America,old field,43.193131,-81.317807,0,0,325,1035,7.362499919,33,11,21,0.65625,NA,NA,NA,NA,0.7190900125587445,3.8975429836948305,0.5052630649214489,0.0040782194438097885,0.20691557841798222,0.8123746416580331,0.19795366382967078,0.026705283762711432,-0.2871942344626157,0.8440927336114741,0.17374820948112987,0.5558469633362704,0.29737592467234286,0.005508749037702038,0.2638095238095239,-0.3030476190476191,-0.5668571428571425,0.0019849880963643323,0.006520220861401319,-2.197096408749092,0.7987216276969819,0.01117702081560722,0.6013239088529966,8.383669712307656e-4,0.13984840021603068,1.339208084189416e-4,0.4583205449274118,-2.193709604755648e-4,0.3688950501005247,1.015102064377982,0.11478768227339457,-0.10097939881041221,0.39857071759208595,9.14726230947676e-5
valm,included,2359.727187,2154.859321,-204.86786600000005,Europe,alpine grassland,46.631345,10.372252,0,0,2320,681,0.133333397,115,115,0,0,6.837666666666666,0.498,38.5,115,0.8194615160599072,9.358925457488747,0.007332574176664454,1.730346381275341e-5,0.949109985076336,0.875099949334765,0.20312741952474822,0.09944659449745023,0.3507721139964129,-0.08846868173802604,0.26777844590790134,0.05185337305446944,0.04138553605747732,6.011620820558135e-6,-0.2922386854394088,0.5919297075243413,0.8841683929637498,0.00440608219522983,0.04781401364807046,-2.282994517752347,0.9156880627589548,0.003570340629198582,0.13003178363103896,0.005407373724037077,0.8283078836429603,1.8709067711560768e-5,0.0338382592397117,9.78604094401005e-4,0.7331184442895418,0.4768291803629586,0.31334034486649076,0.03316166125501936,0.07385170006126458,1.1090146751938802e-4
vargrass,included,202.2681314,169.1154577,-33.15267369999998,Europe,tundra grassland,70.32797,29.5398,0,0,NA,607,-2.04999997715155,84,80,0,0,6.492826086956522,0.45152173913043475,31.17391304347826,184.91304347826087,0.813099742908278,8.105616737688932,0.2057538160355494,0.008250916232731699,0.06011587918030629,0.40061530711400684,0.15416988909551446,0.046422136514573505,0.6934106118583954,0.9257528861056893,0.14938772837669187,0.7010079132262477,0.9995827783686246,0.060932639455814216,-0.30148823811810654,-0.3019683149304543,-4.8007681234755144e-4,0.0030113293244026246,0.19402268512768917,-1.3747581919185916,0.6448899812152536,-0.03610199412064642,0.38037797338519874,0.0058061990200320105,0.7667514870223113,-1.7274160237427312e-4,0.7837874977704953,1.7918581485636825e-4,0.4179784183886227,2.816379591044975,0.20542399180087248,-0.3694377396253125,0.087271735365315,1.4831565106926525e-4
vass,included,233.4103985,166.3513676,-67.05903090000001,Europe,tundra grassland,68.416979,18.274396,0,0,608,778,-1.425000037,39,39,0,0,NA,NA,NA,NA,0.7754278120028347,5.575792091229519,0.3007086508963854,0.00620955086487969,0.30743379275073063,0.7848088996856497,0.1451222734235731,0.03501930777247182,-0.3356371107555591,0.582934329255054,0.7223557182496152,0.011677137896862226,0.017414240477894742,0.0011092704462450957,0.1060371517027778,-1.3219814241486216,-1.428018575851399,0.005209552401912379,0.009579995858240655,-3.74830532448324,0.5571361023161217,-0.04266777976669429,0.8722206507659158,0.001619511501267157,0.5299582378859689,2.2929679410699585e-4,0.16912922489351515,-0.0012501528095017877,0.570796136594174,-1.922581601224047,0.5189099908146895,-0.07989358234042952,0.14639941941574663,1.3425723836800845e-4
wupatki,NA,275.3908292,297.9215048,22.530675599999995,North America,desert grassland,33.583333,-111.579722,0,0,1665,342,21.2624999284744,10,8,1,0.1111111111111111,NA,NA,NA,NA,0.23416205296759524,1.2101358438012446,NA,NA,NA,NA,NA,NA,NA,NA,NA,NA,NA,NA,NA,NA,NA,NA,NA,NA,NA,NA,NA,NA,NA,NA,NA,NA,NA,NA,NA,NA,0.2715451641309388,9.716946422911253e-5
yarra,included,515.2235175,480.496086,-34.727431499999966,Australia,mesic grassland,-33.61,150.73,1,0,19,844,17.32083333,31,8,17,0.68,0.9525,0.08499999999999999,34,103,0.4367484720877306,1.9047711526596005,0.017980385287344636,6.031820692689095e-4,0.23665422496962327,0.9135803457340883,0.21199485749351424,0.04447606187570045,0.21012865812775283,-1.3547890213724534,0.11366867166124402,0.9785147312677662,0.378106241977765,0.8915832226140412,-1.3613628502248851,-0.03898305084743002,1.3223797993774542,-1.0451629367696824e-4,0.00631895211959876,-15.7330710531749,0.14894508976389947,-0.18516886333046595,0.02288694356198918,-0.003739545882093568,0.055626563640347085,1.031117918900616e-4,0.18620124074439032,1.356934132616491e-4,0.7589881987802571,-1.0489824720256118,0.07313964777552466,0.1913186691627104,0.23578094673763153,5.864438969280561e-5
ahth,NA,NA,NA,NA,NA,NA,NA,NA,NA,NA,NA,NA,NA,NA,NA,NA,NA,NA,NA,NA,NA,NA,NA,NA,NA,NA,NA,NA,NA,NA,NA,NA,NA,NA,NA,NA,NA,NA,NA,NA,NA,NA,NA,NA,NA,NA,NA,NA,NA,NA,NA,NA,NA,0.012163584071434998,1.3772269026169481e-4
azi,NA,NA,NA,NA,NA,NA,NA,NA,NA,NA,NA,NA,NA,NA,NA,NA,NA,NA,NA,NA,NA,NA,NA,NA,NA,NA,NA,NA,NA,NA,NA,NA,NA,NA,NA,NA,NA,NA,NA,NA,NA,NA,NA,NA,NA,NA,NA,NA,NA,NA,NA,NA,NA,0.5351588574786754,4.977285257211303e-5
cereep,NA,NA,NA,NA,NA,NA,NA,NA,NA,NA,NA,NA,NA,NA,NA,NA,NA,NA,NA,NA,NA,NA,NA,NA,NA,NA,NA,NA,NA,NA,NA,NA,NA,NA,NA,NA,NA,NA,NA,NA,NA,NA,NA,NA,NA,NA,NA,NA,NA,NA,NA,NA,NA,0.0778483917578656,1.170348348897621e-4
drake,NA,NA,NA,NA,NA,NA,NA,NA,NA,NA,NA,NA,NA,NA,NA,NA,NA,NA,NA,NA,NA,NA,NA,NA,NA,NA,NA,NA,NA,NA,NA,NA,NA,NA,NA,NA,NA,NA,NA,NA,NA,NA,NA,NA,NA,NA,NA,NA,NA,NA,NA,NA,NA,0.17450891295138926,6.550195532745887e-5
ethass,NA,NA,NA,NA,NA,NA,NA,NA,NA,NA,NA,NA,NA,NA,NA,NA,NA,NA,NA,NA,NA,NA,NA,NA,NA,NA,NA,NA,NA,NA,NA,NA,NA,NA,NA,NA,NA,NA,NA,NA,NA,NA,NA,NA,NA,NA,NA,NA,NA,NA,NA,NA,NA,0.4282768774963722,5.371826347879513e-5
fnly,NA,NA,NA,NA,NA,NA,NA,NA,NA,NA,NA,NA,NA,NA,NA,NA,NA,NA,NA,NA,NA,NA,NA,NA,NA,NA,NA,NA,NA,NA,NA,NA,NA,NA,NA,NA,NA,NA,NA,NA,NA,NA,NA,NA,NA,NA,NA,NA,NA,NA,NA,NA,NA,0.3486843695880839,5.7431843501225626e-5
free,NA,NA,NA,NA,NA,NA,NA,NA,NA,NA,NA,NA,NA,NA,NA,NA,NA,NA,NA,NA,NA,NA,NA,NA,NA,NA,NA,NA,NA,NA,NA,NA,NA,NA,NA,NA,NA,NA,NA,NA,NA,NA,NA,NA,NA,NA,NA,NA,NA,NA,NA,NA,NA,0.10598325129935063,1.2280095571119609e-4
gcnban,NA,NA,NA,NA,NA,NA,NA,NA,NA,NA,NA,NA,NA,NA,NA,NA,NA,NA,NA,NA,NA,NA,NA,NA,NA,NA,NA,NA,NA,NA,NA,NA,NA,NA,NA,NA,NA,NA,NA,NA,NA,NA,NA,NA,NA,NA,NA,NA,NA,NA,NA,NA,NA,0.2936642049864032,8.72704422517406e-5
gcndan,NA,NA,NA,NA,NA,NA,NA,NA,NA,NA,NA,NA,NA,NA,NA,NA,NA,NA,NA,NA,NA,NA,NA,NA,NA,NA,NA,NA,NA,NA,NA,NA,NA,NA,NA,NA,NA,NA,NA,NA,NA,NA,NA,NA,NA,NA,NA,NA,NA,NA,NA,NA,NA,0.2520595674025349,8.907694789637665e-5
gcnhai,NA,NA,NA,NA,NA,NA,NA,NA,NA,NA,NA,NA,NA,NA,NA,NA,NA,NA,NA,NA,NA,NA,NA,NA,NA,NA,NA,NA,NA,NA,NA,NA,NA,NA,NA,NA,NA,NA,NA,NA,NA,NA,NA,NA,NA,NA,NA,NA,NA,NA,NA,NA,NA,0.4108832520905079,7.816284032838363e-5
gcnhon,NA,NA,NA,NA,NA,NA,NA,NA,NA,NA,NA,NA,NA,NA,NA,NA,NA,NA,NA,NA,NA,NA,NA,NA,NA,NA,NA,NA,NA,NA,NA,NA,NA,NA,NA,NA,NA,NA,NA,NA,NA,NA,NA,NA,NA,NA,NA,NA,NA,NA,NA,NA,NA,0.4933822009471579,4.984642152685865e-5
gcnhul,NA,NA,NA,NA,NA,NA,NA,NA,NA,NA,NA,NA,NA,NA,NA,NA,NA,NA,NA,NA,NA,NA,NA,NA,NA,NA,NA,NA,NA,NA,NA,NA,NA,NA,NA,NA,NA,NA,NA,NA,NA,NA,NA,NA,NA,NA,NA,NA,NA,NA,NA,NA,NA,0.651229591141685,8.133864293866878e-5
gcnnaq,NA,NA,NA,NA,NA,NA,NA,NA,NA,NA,NA,NA,NA,NA,NA,NA,NA,NA,NA,NA,NA,NA,NA,NA,NA,NA,NA,NA,NA,NA,NA,NA,NA,NA,NA,NA,NA,NA,NA,NA,NA,NA,NA,NA,NA,NA,NA,NA,NA,NA,NA,NA,NA,0.3667744622758766,7.96821840320929e-5
gcnsui,NA,NA,NA,NA,NA,NA,NA,NA,NA,NA,NA,NA,NA,NA,NA,NA,NA,NA,NA,NA,NA,NA,NA,NA,NA,NA,NA,NA,NA,NA,NA,NA,NA,NA,NA,NA,NA,NA,NA,NA,NA,NA,NA,NA,NA,NA,NA,NA,NA,NA,NA,NA,NA,0.6617104434626394,7.275024348454258e-5
gcnura,NA,NA,NA,NA,NA,NA,NA,NA,NA,NA,NA,NA,NA,NA,NA,NA,NA,NA,NA,NA,NA,NA,NA,NA,NA,NA,NA,NA,NA,NA,NA,NA,NA,NA,NA,NA,NA,NA,NA,NA,NA,NA,NA,NA,NA,NA,NA,NA,NA,NA,NA,NA,NA,0.29213590827664737,1.4367415747484989e-4
gcnxil,NA,NA,NA,NA,NA,NA,NA,NA,NA,NA,NA,NA,NA,NA,NA,NA,NA,NA,NA,NA,NA,NA,NA,NA,NA,NA,NA,NA,NA,NA,NA,NA,NA,NA,NA,NA,NA,NA,NA,NA,NA,NA,NA,NA,NA,NA,NA,NA,NA,NA,NA,NA,NA,0.40452300170013444,1.254168981371458e-4
gcnyan,NA,NA,NA,NA,NA,NA,NA,NA,NA,NA,NA,NA,NA,NA,NA,NA,NA,NA,NA,NA,NA,NA,NA,NA,NA,NA,NA,NA,NA,NA,NA,NA,NA,NA,NA,NA,NA,NA,NA,NA,NA,NA,NA,NA,NA,NA,NA,NA,NA,NA,NA,NA,NA,0.34909971756426483,1.0285897942511018e-4
gcnyou,NA,NA,NA,NA,NA,NA,NA,NA,NA,NA,NA,NA,NA,NA,NA,NA,NA,NA,NA,NA,NA,NA,NA,NA,NA,NA,NA,NA,NA,NA,NA,NA,NA,NA,NA,NA,NA,NA,NA,NA,NA,NA,NA,NA,NA,NA,NA,NA,NA,NA,NA,NA,NA,0.2724839395599748,1.3504337345742533e-4
hnvr,NA,NA,NA,NA,NA,NA,NA,NA,NA,NA,NA,NA,NA,NA,NA,NA,NA,NA,NA,NA,NA,NA,NA,NA,NA,NA,NA,NA,NA,NA,NA,NA,NA,NA,NA,NA,NA,NA,NA,NA,NA,NA,NA,NA,NA,NA,NA,NA,NA,NA,NA,NA,NA,0.32418240291101097,1.0683140113721255e-4
hogone,NA,NA,NA,NA,NA,NA,NA,NA,NA,NA,NA,NA,NA,NA,NA,NA,NA,NA,NA,NA,NA,NA,NA,NA,NA,NA,NA,NA,NA,NA,NA,NA,NA,NA,NA,NA,NA,NA,NA,NA,NA,NA,NA,NA,NA,NA,NA,NA,NA,NA,NA,NA,NA,0.2735437329410153,9.537193181725115e-5
hogtwo,NA,NA,NA,NA,NA,NA,NA,NA,NA,NA,NA,NA,NA,NA,NA,NA,NA,NA,NA,NA,NA,NA,NA,NA,NA,NA,NA,NA,NA,NA,NA,NA,NA,NA,NA,NA,NA,NA,NA,NA,NA,NA,NA,NA,NA,NA,NA,NA,NA,NA,NA,NA,NA,0.2735437329410153,9.537193181725115e-5
jena,NA,NA,NA,NA,NA,NA,NA,NA,NA,NA,NA,NA,NA,NA,NA,NA,NA,NA,NA,NA,NA,NA,NA,NA,NA,NA,NA,NA,NA,NA,NA,NA,NA,NA,NA,NA,NA,NA,NA,NA,NA,NA,NA,NA,NA,NA,NA,NA,NA,NA,NA,NA,NA,0.09838381718365709,1.283773118588575e-4
konzn1b,NA,NA,NA,NA,NA,NA,NA,NA,NA,NA,NA,NA,NA,NA,NA,NA,NA,NA,NA,NA,NA,NA,NA,NA,NA,NA,NA,NA,NA,NA,NA,NA,NA,NA,NA,NA,NA,NA,NA,NA,NA,NA,NA,NA,NA,NA,NA,NA,NA,NA,NA,NA,NA,0.48829971855875287,7.717494848503603e-5
lakta,NA,NA,NA,NA,NA,NA,NA,NA,NA,NA,NA,NA,NA,NA,NA,NA,NA,NA,NA,NA,NA,NA,NA,NA,NA,NA,NA,NA,NA,NA,NA,NA,NA,NA,NA,NA,NA,NA,NA,NA,NA,NA,NA,NA,NA,NA,NA,NA,NA,NA,NA,NA,NA,0.152737300782199,1.3710709982603706e-4
meto,NA,NA,NA,NA,NA,NA,NA,NA,NA,NA,NA,NA,NA,NA,NA,NA,NA,NA,NA,NA,NA,NA,NA,NA,NA,NA,NA,NA,NA,NA,NA,NA,NA,NA,NA,NA,NA,NA,NA,NA,NA,NA,NA,NA,NA,NA,NA,NA,NA,NA,NA,NA,NA,0.2735437329410153,9.537193181725115e-5
neba,NA,NA,NA,NA,NA,NA,NA,NA,NA,NA,NA,NA,NA,NA,NA,NA,NA,NA,NA,NA,NA,NA,NA,NA,NA,NA,NA,NA,NA,NA,NA,NA,NA,NA,NA,NA,NA,NA,NA,NA,NA,NA,NA,NA,NA,NA,NA,NA,NA,NA,NA,NA,NA,0.25522551653849973,1.0630728227645175e-4
nioo,NA,NA,NA,NA,NA,NA,NA,NA,NA,NA,NA,NA,NA,NA,NA,NA,NA,NA,NA,NA,NA,NA,NA,NA,NA,NA,NA,NA,NA,NA,NA,NA,NA,NA,NA,NA,NA,NA,NA,NA,NA,NA,NA,NA,NA,NA,NA,NA,NA,NA,NA,NA,NA,0.05048677646760907,1.2198926609274287e-4
niwo,NA,NA,NA,NA,NA,NA,NA,NA,NA,NA,NA,NA,NA,NA,NA,NA,NA,NA,NA,NA,NA,NA,NA,NA,NA,NA,NA,NA,NA,NA,NA,NA,NA,NA,NA,NA,NA,NA,NA,NA,NA,NA,NA,NA,NA,NA,NA,NA,NA,NA,NA,NA,NA,0.5446807031768734,5.403249183168183e-5
pampa,NA,NA,NA,NA,NA,NA,NA,NA,NA,NA,NA,NA,NA,NA,NA,NA,NA,NA,NA,NA,NA,NA,NA,NA,NA,NA,NA,NA,NA,NA,NA,NA,NA,NA,NA,NA,NA,NA,NA,NA,NA,NA,NA,NA,NA,NA,NA,NA,NA,NA,NA,NA,NA,0.6649170347972159,2.7985571164862707e-5
pape,NA,NA,NA,NA,NA,NA,NA,NA,NA,NA,NA,NA,NA,NA,NA,NA,NA,NA,NA,NA,NA,NA,NA,NA,NA,NA,NA,NA,NA,NA,NA,NA,NA,NA,NA,NA,NA,NA,NA,NA,NA,NA,NA,NA,NA,NA,NA,NA,NA,NA,NA,NA,NA,0.059180157921369395,1.2081294475441587e-4
pich,NA,NA,NA,NA,NA,NA,NA,NA,NA,NA,NA,NA,NA,NA,NA,NA,NA,NA,NA,NA,NA,NA,NA,NA,NA,NA,NA,NA,NA,NA,NA,NA,NA,NA,NA,NA,NA,NA,NA,NA,NA,NA,NA,NA,NA,NA,NA,NA,NA,NA,NA,NA,NA,0.018280042631196036,1.4343718571544474e-5
podo,NA,NA,NA,NA,NA,NA,NA,NA,NA,NA,NA,NA,NA,NA,NA,NA,NA,NA,NA,NA,NA,NA,NA,NA,NA,NA,NA,NA,NA,NA,NA,NA,NA,NA,NA,NA,NA,NA,NA,NA,NA,NA,NA,NA,NA,NA,NA,NA,NA,NA,NA,NA,NA,0.46220242602795836,6.028709412370783e-6
ramsay,NA,NA,NA,NA,NA,NA,NA,NA,NA,NA,NA,NA,NA,NA,NA,NA,NA,NA,NA,NA,NA,NA,NA,NA,NA,NA,NA,NA,NA,NA,NA,NA,NA,NA,NA,NA,NA,NA,NA,NA,NA,NA,NA,NA,NA,NA,NA,NA,NA,NA,NA,NA,NA,0.231112914884992,8.701212741150329e-5
rook,NA,NA,NA,NA,NA,NA,NA,NA,NA,NA,NA,NA,NA,NA,NA,NA,NA,NA,NA,NA,NA,NA,NA,NA,NA,NA,NA,NA,NA,NA,NA,NA,NA,NA,NA,NA,NA,NA,NA,NA,NA,NA,NA,NA,NA,NA,NA,NA,NA,NA,NA,NA,NA,0.06485302397102707,1.0052535877696868e-4
saana,NA,NA,NA,NA,NA,NA,NA,NA,NA,NA,NA,NA,NA,NA,NA,NA,NA,NA,NA,NA,NA,NA,NA,NA,NA,NA,NA,NA,NA,NA,NA,NA,NA,NA,NA,NA,NA,NA,NA,NA,NA,NA,NA,NA,NA,NA,NA,NA,NA,NA,NA,NA,NA,0.16838877670404762,1.3715839726765672e-4
sava,NA,NA,NA,NA,NA,NA,NA,NA,NA,NA,NA,NA,NA,NA,NA,NA,NA,NA,NA,NA,NA,NA,NA,NA,NA,NA,NA,NA,NA,NA,NA,NA,NA,NA,NA,NA,NA,NA,NA,NA,NA,NA,NA,NA,NA,NA,NA,NA,NA,NA,NA,NA,NA,0.24786607237102729,9.051836825995537e-5
spin,NA,NA,NA,NA,NA,NA,NA,NA,NA,NA,NA,NA,NA,NA,NA,NA,NA,NA,NA,NA,NA,NA,NA,NA,NA,NA,NA,NA,NA,NA,NA,NA,NA,NA,NA,NA,NA,NA,NA,NA,NA,NA,NA,NA,NA,NA,NA,NA,NA,NA,NA,NA,NA,0.3817466267657269,8.604904866530223e-5
tmlr,NA,NA,NA,NA,NA,NA,NA,NA,NA,NA,NA,NA,NA,NA,NA,NA,NA,NA,NA,NA,NA,NA,NA,NA,NA,NA,NA,NA,NA,NA,NA,NA,NA,NA,NA,NA,NA,NA,NA,NA,NA,NA,NA,NA,NA,NA,NA,NA,NA,NA,NA,NA,NA,0.03125328406805546,1.3062931353501287e-4
trel,NA,NA,NA,NA,NA,NA,NA,NA,NA,NA,NA,NA,NA,NA,NA,NA,NA,NA,NA,NA,NA,NA,NA,NA,NA,NA,NA,NA,NA,NA,NA,NA,NA,NA,NA,NA,NA,NA,NA,NA,NA,NA,NA,NA,NA,NA,NA,NA,NA,NA,NA,NA,NA,0.41677787392381505,9.108014862314836e-5
tyso,NA,NA,NA,NA,NA,NA,NA,NA,NA,NA,NA,NA,NA,NA,NA,NA,NA,NA,NA,NA,NA,NA,NA,NA,NA,NA,NA,NA,NA,NA,NA,NA,NA,NA,NA,NA,NA,NA,NA,NA,NA,NA,NA,NA,NA,NA,NA,NA,NA,NA,NA,NA,NA,0.3784508948179751,9.464528070788973e-5
ufrec,NA,NA,NA,NA,NA,NA,NA,NA,NA,NA,NA,NA,NA,NA,NA,NA,NA,NA,NA,NA,NA,NA,NA,NA,NA,NA,NA,NA,NA,NA,NA,NA,NA,NA,NA,NA,NA,NA,NA,NA,NA,NA,NA,NA,NA,NA,NA,NA,NA,NA,NA,NA,NA,0.0903966548855684,7.837842146423889e-5
vaqu,NA,NA,NA,NA,NA,NA,NA,NA,NA,NA,NA,NA,NA,NA,NA,NA,NA,NA,NA,NA,NA,NA,NA,NA,NA,NA,NA,NA,NA,NA,NA,NA,NA,NA,NA,NA,NA,NA,NA,NA,NA,NA,NA,NA,NA,NA,NA,NA,NA,NA,NA,NA,NA,0.11135918163363268,5.16186800865262e-5
varexp,NA,NA,NA,NA,NA,NA,NA,NA,NA,NA,NA,NA,NA,NA,NA,NA,NA,NA,NA,NA,NA,NA,NA,NA,NA,NA,NA,NA,NA,NA,NA,NA,NA,NA,NA,NA,NA,NA,NA,NA,NA,NA,NA,NA,NA,NA,NA,NA,NA,NA,NA,NA,NA,0.10952215394666098,1.467449698220314e-4
varheath,NA,NA,NA,NA,NA,NA,NA,NA,NA,NA,NA,NA,NA,NA,NA,NA,NA,NA,NA,NA,NA,NA,NA,NA,NA,NA,NA,NA,NA,NA,NA,NA,NA,NA,NA,NA,NA,NA,NA,NA,NA,NA,NA,NA,NA,NA,NA,NA,NA,NA,NA,NA,NA,0.087271735365315,1.4831565106926525e-4
xilin,NA,NA,NA,NA,NA,NA,NA,NA,NA,NA,NA,NA,NA,NA,NA,NA,NA,NA,NA,NA,NA,NA,NA,NA,NA,NA,NA,NA,NA,NA,NA,NA,NA,NA,NA,NA,NA,NA,NA,NA,NA,NA,NA,NA,NA,NA,NA,NA,NA,NA,NA,NA,NA,0.40452300170013444,1.254168981371458e-4
