"ID","sitename","Month","AvgTempLTA","AvgPrecipLTA"
1,"abisko.se",1,-11.6999998092651,50
2,"amcamp.us",1,4.80000019073486,84
3,"amlr.is",1,-4.5,52
4,"anti.ec",1,2.70000004768372,55
5,"arch.us",1,16.6000003814697,51
6,"azitwo.cn",1,-9.69999980926514,5
7,"badlau.de",1,0.5,29
8,"bari.ar",1,15.3999996185303,24
9,"barta.us",1,-6.09999990463257,12
10,"bayr.de",1,-0.899999976158142,62
11,"bldr.us",1,-0.600000023841858,16
12,"bnbt.us",1,-3,23
13,"bnch.us",1,-0.200000002980232,257
14,"bogong.au",1,12.8999996185303,91
15,"bttr.us",1,-0.5,258
16,"bunya.au",1,20.7999992370605,116
17,"burrawan.au",1,24.3999996185303,87
18,"burren.ie",1,5.40000009536743,136
19,"bynb.cn",1,-22,4
20,"cbgb.us",1,-7.5,24
21,"cdcr.us",1,-12,22
22,"cdpt.us",1,-4.09999990463257,13
23,"chilcas.ar",1,22.1000003814697,109
24,"comp.pt",1,10.6999998092651,104
25,"cowi.ca",1,3.20000004768372,190
26,"derr.au",1,20.1000003814697,50
27,"doane.us",1,-4.90000009536743,16
28,"elkh.us",1,10.1999998092651,172
29,"elliot.us",1,13.1000003814697,71
30,"elva.ee",1,-5.19999980926514,39
31,"ethamc.au",1,32,32
32,"ethass.au",1,31.7999992370605,34
33,"free.de",1,2.29999995231628,54
34,"frue.ch",1,-0.5,92
35,"gall.it",1,6,69
36,"gcnban.cn",1,-11.6000003814697,2
37,"gcndan.cn",1,-7.80000019073486,2
38,"gcnhon.cn",1,-7.19999980926514,5
39,"gcnhul.cn",1,-26.5,3
40,"gcnnaq.cn",1,-12.8000001907349,3
41,"gcnura.cn",1,-12.6999998092651,3
42,"gcnyan.cn",1,-7.19999980926514,3
43,"gilb.za",1,17.8999996185303,147
44,"glac.us",1,4,201
45,"glcr.us",1,-6,19
46,"hall.us",1,0.800000011920929,96
47,"hart.us",1,-1.10000002384186,20
48,"hast.us",1,8.5,127
49,"hero.uk",1,4.59999990463257,66
50,"hopl.us",1,7,218
51,"hustai.mn",1,-20.7999992370605,1
52,"jasp.us",1,9,116
53,"jorn.us",1,4.90000009536743,14
54,"kark.se",1,-10.8999996185303,71
55,"kbs.us",1,-5.19999980926514,47
56,"kibber.in",1,-12.8999996185303,40
57,"kidman.au",1,30.2999992370605,163
58,"kilp.fi",1,-13.3999996185303,39
59,"kiny.au",1,22.1000003814697,31
60,"kirik.ee",1,-3.90000009536743,41
61,"koffler.ca",1,-8.10000038146973,54
62,"konz.us",1,-2.90000009536743,21
63,"lagoas.br",1,25.7999992370605,184
64,"lake.us",1,-10.1999998092651,13
65,"lancaster.uk",1,2.70000004768372,157
66,"lead.us",1,6.90000009536743,324
67,"look.us",1,1,295
68,"lubb.us",1,4.19999980926514,10
69,"marc.ar",1,20.7999992370605,96
70,"mcdan.us",1,-1.29999995231628,79
71,"mcla.us",1,7,194
72,"mitch.au",1,30.6000003814697,82
73,"msla.us",1,-4.30000019073486,33
74,"msum.us",1,-14.3999996185303,17
75,"mtca.au",1,25,14
76,"neba.jp",1,-1.79999995231628,60
77,"nilla.au",1,20.1000003814697,58
78,"nioo.nl",1,2.29999995231628,77
79,"ovor.mn",1,-21.3999996185303,1
80,"pampa.ar",1,24,87
81,"ping.au",1,23.5,17
82,"pinj.au",1,24.8999996185303,141
83,"potrok.ar",1,12,23
84,"ramsay.us",1,9.89999961853027,141
85,"sage.us",1,-2.70000004768372,149
86,"saline.us",1,-2.59999990463257,12
87,"sedg.us",1,10.6999998092651,92
88,"sereng.tz",1,20.8999996185303,90
89,"sevi.us",1,1.39999997615814,10
90,"sgs.us",1,-2.20000004768372,9
91,"shps.us",1,-7.90000009536743,19
92,"sier.us",1,7.80000019073486,174
93,"sirsi.in",1,22.3999996185303,0
94,"smith.us",1,4.40000009536743,75
95,"spv.ar",1,19.2000007629395,11
96,"summ.za",1,21.7000007629395,137
97,"sval.no",1,-14.5,27
98,"temple.us",1,8.39999961853027,49
99,"thth.is",1,-2.90000009536743,46
100,"ucsc.us",1,10,112
101,"ukul.za",1,21.7000007629395,129
102,"unc.us",1,3.70000004768372,101
103,"uwo.ca",1,-6.59999990463257,83
104,"valm.ch",1,-7.69999980926514,42
105,"vaqu.mx",1,11.6999998092651,17
106,"varexp.no",1,-9.19999980926514,39
107,"vargrass.no",1,-9.19999980926514,43
108,"vass.se",1,-10.8000001907349,76
109,"wupatki.us",1,11.1000003814697,35
110,"xilin.cn",1,-19.6000003814697,2
111,"yarra.au",1,22.8999996185303,108
1,"abisko.se",2,-11.3999996185303,41
2,"amcamp.us",2,5.90000009536743,59
3,"amlr.is",2,-4.90000009536743,54
4,"anti.ec",2,2.59999990463257,86
5,"arch.us",2,17.2000007629395,61
6,"azitwo.cn",2,-7,7
7,"badlau.de",2,1.29999995231628,28
8,"bari.ar",2,14.8999996185303,25
9,"barta.us",2,-2.79999995231628,17
10,"bayr.de",2,0.100000001490116,49
11,"bldr.us",2,1.20000004768372,18
12,"bnbt.us",2,0.200000002980232,28
13,"bnch.us",2,0.899999976158142,190
14,"bogong.au",2,13.1000003814697,79
15,"bttr.us",2,0.600000023841858,191
16,"bunya.au",2,20.3999996185303,93
17,"burrawan.au",2,24,72
18,"burren.ie",2,5.59999990463257,102
19,"bynb.cn",2,-19.7999992370605,4
20,"cbgb.us",2,-4,29
21,"cdcr.us",2,-8.10000038146973,20
22,"cdpt.us",2,-0.899999976158142,11
23,"chilcas.ar",2,21.2000007629395,92
24,"comp.pt",2,11.8999996185303,79
25,"cowi.ca",2,4.5,114
26,"derr.au",2,20.7000007629395,41
27,"doane.us",2,-1.70000004768372,16
28,"elkh.us",2,11.1000003814697,147
29,"elliot.us",2,13.6999998092651,64
30,"elva.ee",2,-5.59999990463257,31
31,"ethamc.au",2,31.1000003814697,41
32,"ethass.au",2,31,43
33,"free.de",2,3.40000009536743,55
34,"frue.ch",2,0.100000001490116,103
35,"gall.it",2,7,59
36,"gcnban.cn",2,-9.30000019073486,2
37,"gcndan.cn",2,-5.30000019073486,2
38,"gcnhon.cn",2,-4.59999990463257,8
39,"gcnhul.cn",2,-22.5,2
40,"gcnnaq.cn",2,-10.3999996185303,3
41,"gcnura.cn",2,-9.30000019073486,2
42,"gcnyan.cn",2,-3.70000004768372,4
43,"gilb.za",2,17.8999996185303,144
44,"glac.us",2,5.40000009536743,161
45,"glcr.us",2,-2.5,20
46,"hall.us",2,3.09999990463257,106
47,"hart.us",2,0.200000002980232,17
48,"hast.us",2,9,118
49,"hero.uk",2,4.5,45
50,"hopl.us",2,8,162
51,"hustai.mn",2,-17,2
52,"jasp.us",2,10.6000003814697,94
53,"jorn.us",2,7.59999990463257,9
54,"kark.se",2,-10.8999996185303,58
55,"kbs.us",2,-3.90000009536743,39
56,"kibber.in",2,-11.6999998092651,40
57,"kidman.au",2,29.6000003814697,173
58,"kilp.fi",2,-12.8999996185303,29
59,"kiny.au",2,22.3999996185303,24
60,"kirik.ee",2,-4.59999990463257,30
61,"koffler.ca",2,-7.69999980926514,49
62,"konz.us",2,0.600000023841858,24
63,"lagoas.br",2,25.7000007629395,147
64,"lake.us",2,-6.59999990463257,18
65,"lancaster.uk",2,2.79999995231628,99
66,"lead.us",2,7.69999980926514,275
67,"look.us",2,1.39999997615814,222
68,"lubb.us",2,7,17
69,"marc.ar",2,20.2000007629395,82
70,"mcdan.us",2,0.100000001490116,69
71,"mcla.us",2,7.80000019073486,146
72,"mitch.au",2,29.7000007629395,102
73,"msla.us",2,-1.39999997615814,21
74,"msum.us",2,-10.3999996185303,12
75,"mtca.au",2,24.8999996185303,17
76,"neba.jp",2,-1.29999995231628,78
77,"nilla.au",2,20.7000007629395,42
78,"nioo.nl",2,2.5,55
79,"ovor.mn",2,-18.3999996185303,2
80,"pampa.ar",2,22.5,72
81,"ping.au",2,23.5,20
82,"pinj.au",2,24.6000003814697,142
83,"potrok.ar",2,11.5,20
84,"ramsay.us",2,11.8000001907349,144
85,"sage.us",2,-1.5,130
86,"saline.us",2,0.600000023841858,17
87,"sedg.us",2,11.1999998092651,99
88,"sereng.tz",2,21.1000003814697,92
89,"sevi.us",2,4.69999980926514,10
90,"sgs.us",2,0.300000011920929,8
91,"shps.us",2,-5.40000009536743,21
92,"sier.us",2,10.1000003814697,142
93,"sirsi.in",2,23.3999996185303,0
94,"smith.us",2,5.69999980926514,54
95,"spv.ar",2,18.8999996185303,14
96,"summ.za",2,21.8999996185303,124
97,"sval.no",2,-15.3999996185303,27
98,"temple.us",2,11.1000003814697,68
99,"thth.is",2,-3.09999990463257,38
100,"ucsc.us",2,11.1999998092651,94
101,"ukul.za",2,21.7999992370605,112
102,"unc.us",2,5.59999990463257,91
103,"uwo.ca",2,-6,68
104,"valm.ch",2,-7.40000009536743,35
105,"vaqu.mx",2,13,12
106,"varexp.no",2,-9.60000038146973,33
107,"vargrass.no",2,-9.60000038146973,37
108,"vass.se",2,-10.5,62
109,"wupatki.us",2,13.1999998092651,34
110,"xilin.cn",2,-16.2999992370605,3
111,"yarra.au",2,22.7000007629395,108
1,"abisko.se",3,-8.89999961853027,34
2,"amcamp.us",3,7,46
3,"amlr.is",3,-4.30000019073486,54
4,"anti.ec",3,2.79999995231628,92
5,"arch.us",3,19.6000003814697,75
6,"azitwo.cn",3,-2.5,18
7,"badlau.de",3,4.80000019073486,37
8,"bari.ar",3,12.1999998092651,44
9,"barta.us",3,2,37
10,"bayr.de",3,4,56
11,"bldr.us",3,4.5,48
12,"bnbt.us",3,6.40000009536743,62
13,"bnch.us",3,2,171
14,"bogong.au",3,11,111
15,"bttr.us",3,1.70000004768372,171
16,"bunya.au",3,19.2000007629395,57
17,"burrawan.au",3,22.2000007629395,45
18,"burren.ie",3,6.80000019073486,100
19,"bynb.cn",3,-14,9
20,"cbgb.us",3,2.70000004768372,59
21,"cdcr.us",3,-1.29999995231628,39
22,"cdpt.us",3,3.20000004768372,34
23,"chilcas.ar",3,19.1000003814697,93
24,"comp.pt",3,13.6999998092651,49
25,"cowi.ca",3,6.5,104
26,"derr.au",3,18.7999992370605,35
27,"doane.us",3,4.30000019073486,55
28,"elkh.us",3,11.6999998092651,133
29,"elliot.us",3,14.1000003814697,66
30,"elva.ee",3,-1.29999995231628,31
31,"ethamc.au",3,29,20
32,"ethass.au",3,29,20
33,"free.de",3,7,56
34,"frue.ch",3,2.79999995231628,102
35,"gall.it",3,9.60000038146973,70
36,"gcnban.cn",3,-4.59999990463257,3
37,"gcndan.cn",3,-0.600000023841858,3
38,"gcnhon.cn",3,-0.5,21
39,"gcnhul.cn",3,-11.8999996185303,1
40,"gcnnaq.cn",3,-5.90000009536743,3
41,"gcnura.cn",3,-2.29999995231628,4
42,"gcnyan.cn",3,2.5,10
43,"gilb.za",3,16.7999992370605,115
44,"glac.us",3,7.30000019073486,141
45,"glcr.us",3,3.70000004768372,53
46,"hall.us",3,8.5,130
47,"hart.us",3,2.59999990463257,24
48,"hast.us",3,9.39999961853027,110
49,"hero.uk",3,6.59999990463257,52
50,"hopl.us",3,8.60000038146973,148
51,"hustai.mn",3,-8.19999980926514,4
52,"jasp.us",3,11.6000003814697,92
53,"jorn.us",3,10.8999996185303,6
54,"kark.se",3,-9,45
55,"kbs.us",3,1.5,62
56,"kibber.in",3,-6.59999990463257,55
57,"kidman.au",3,28.8999996185303,129
58,"kilp.fi",3,-9.60000038146973,29
59,"kiny.au",3,19.6000003814697,25
60,"kirik.ee",3,-1.20000004768372,30
61,"koffler.ca",3,-2.90000009536743,53
62,"konz.us",3,6.30000019073486,64
63,"lagoas.br",3,25.2999992370605,124
64,"lake.us",3,-0.300000011920929,46
65,"lancaster.uk",3,4.40000009536743,126
66,"lead.us",3,7.90000009536743,240
67,"look.us",3,1.70000004768372,200
68,"lubb.us",3,11,22
69,"marc.ar",3,18.5,97
70,"mcdan.us",3,5.09999990463257,92
71,"mcla.us",3,8.80000019073486,124
72,"mitch.au",3,28,48
73,"msla.us",3,2.70000004768372,22
74,"msum.us",3,-3.20000004768372,24
75,"mtca.au",3,22.7000007629395,18
76,"neba.jp",3,2,133
77,"nilla.au",3,18.1000003814697,46
78,"nioo.nl",3,5.40000009536743,71
79,"ovor.mn",3,-10.3999996185303,4
80,"pampa.ar",3,19.5,86
81,"ping.au",3,21.5,15
82,"pinj.au",3,23.5,113
83,"potrok.ar",3,9.39999961853027,23
84,"ramsay.us",3,15.6000003814697,154
85,"sage.us",3,0.600000023841858,113
86,"saline.us",3,5.90000009536743,51
87,"sedg.us",3,11.6999998092651,88
88,"sereng.tz",3,21.2000007629395,126
89,"sevi.us",3,8.19999980926514,10
90,"sgs.us",3,3.29999995231628,26
91,"shps.us",3,-0.800000011920929,16
92,"sier.us",3,11.6999998092651,142
93,"sirsi.in",3,25.3999996185303,4
94,"smith.us",3,7.30000019073486,54
95,"spv.ar",3,16.8999996185303,27
96,"summ.za",3,21,118
97,"sval.no",3,-13.8999996185303,25
98,"temple.us",3,15.3999996185303,64
99,"thth.is",3,-3,43
100,"ucsc.us",3,12.1999998092651,85
101,"ukul.za",3,20.8999996185303,108
102,"unc.us",3,9.80000019073486,107
103,"uwo.ca",3,-0.899999976158142,72
104,"valm.ch",3,-5,47
105,"vaqu.mx",3,15.6000003814697,6
106,"varexp.no",3,-6.69999980926514,34
107,"vargrass.no",3,-7.40000009536743,37
108,"vass.se",3,-8.19999980926514,47
109,"wupatki.us",3,15.3000001907349,41
110,"xilin.cn",3,-6.90000009536743,6
111,"yarra.au",3,21,98
1,"abisko.se",4,-4.59999990463257,28
2,"amcamp.us",4,9,33
3,"amlr.is",4,-1.70000004768372,38
4,"anti.ec",4,2.79999995231628,89
5,"arch.us",4,21.7000007629395,43
6,"azitwo.cn",4,1.60000002384186,41
7,"badlau.de",4,8.30000019073486,33
8,"bari.ar",4,8.60000038146973,60
9,"barta.us",4,8.39999961853027,53
10,"bayr.de",4,7.59999990463257,48
11,"bldr.us",4,8.39999961853027,67
12,"bnbt.us",4,12.6000003814697,86
13,"bnch.us",4,4.09999990463257,112
14,"bogong.au",4,7.09999990463257,137
15,"bttr.us",4,3.79999995231628,112
16,"bunya.au",4,16.1000003814697,52
17,"burrawan.au",4,19,39
18,"burren.ie",4,8.39999961853027,73
19,"bynb.cn",4,-5.59999990463257,23
20,"cbgb.us",4,9.80000019073486,86
21,"cdcr.us",4,7.19999980926514,59
22,"cdpt.us",4,8.69999980926514,47
23,"chilcas.ar",4,15.1999998092651,97
24,"comp.pt",4,14.8999996185303,61
25,"cowi.ca",4,8.89999961853027,64
26,"derr.au",4,15.5,44
27,"doane.us",4,10.8999996185303,71
28,"elkh.us",4,13.1000003814697,54
29,"elliot.us",4,15.8999996185303,28
30,"elva.ee",4,5.09999990463257,35
31,"ethamc.au",4,24.7000007629395,14
32,"ethass.au",4,24.6000003814697,14
33,"free.de",4,10.1000003814697,70
34,"frue.ch",4,5.5,117
35,"gall.it",4,12.5,86
36,"gcnban.cn",4,-0.400000005960464,9
37,"gcndan.cn",4,2.5,7
38,"gcnhon.cn",4,3.5,45
39,"gcnhul.cn",4,1.79999995231628,8
40,"gcnnaq.cn",4,-1.5,11
41,"gcnura.cn",4,6.19999980926514,7
42,"gcnyan.cn",4,9.89999961853027,21
43,"gilb.za",4,14.5,53
44,"glac.us",4,9.30000019073486,97
45,"glcr.us",4,10.6000003814697,74
46,"hall.us",4,13.5,111
47,"hart.us",4,5.5,25
48,"hast.us",4,10.6999998092651,53
49,"hero.uk",4,8.39999961853027,48
50,"hopl.us",4,10.6000003814697,66
51,"hustai.mn",4,2,7
52,"jasp.us",4,13,40
53,"jorn.us",4,14.8999996185303,5
54,"kark.se",4,-5,39
55,"kbs.us",4,8,84
56,"kibber.in",4,-0.300000011920929,30
57,"kidman.au",4,27.6000003814697,27
58,"kilp.fi",4,-5.09999990463257,26
59,"kiny.au",4,15.5,31
60,"kirik.ee",4,4.69999980926514,31
61,"koffler.ca",4,4.30000019073486,64
62,"konz.us",4,12.3000001907349,79
63,"lagoas.br",4,23.6000003814697,74
64,"lake.us",4,7.5,69
65,"lancaster.uk",4,6.5,90
66,"lead.us",4,9.19999980926514,162
67,"look.us",4,3.5,128
68,"lubb.us",4,15.8000001907349,26
69,"marc.ar",4,14.8000001907349,82
70,"mcdan.us",4,10.6000003814697,88
71,"mcla.us",4,11.3000001907349,60
72,"mitch.au",4,24.6000003814697,22
73,"msla.us",4,6.69999980926514,23
74,"msum.us",4,6,42
75,"mtca.au",4,18.8999996185303,23
76,"neba.jp",4,7.80000019073486,187
77,"nilla.au",4,14.1999998092651,67
78,"nioo.nl",4,8,52
79,"ovor.mn",4,0.200000002980232,9
80,"pampa.ar",4,15.3000001907349,55
81,"ping.au",4,17.7999992370605,29
82,"pinj.au",4,21,94
83,"potrok.ar",4,6.80000019073486,22
84,"ramsay.us",4,19,135
85,"sage.us",4,3.40000009536743,50
86,"saline.us",4,11.6999998092651,54
87,"sedg.us",4,13.1999998092651,38
88,"sereng.tz",4,20.7999992370605,132
89,"sevi.us",4,12,10
90,"sgs.us",4,7.40000009536743,38
91,"shps.us",4,4.40000009536743,14
92,"sier.us",4,14.3000001907349,70
93,"sirsi.in",4,26.7000007629395,25
94,"smith.us",4,9.19999980926514,46
95,"spv.ar",4,14,23
96,"summ.za",4,18.8999996185303,53
97,"sval.no",4,-11.5,18
98,"temple.us",4,19.3999996185303,76
99,"thth.is",4,-1.20000004768372,30
100,"ucsc.us",4,13.6000003814697,38
101,"ukul.za",4,18.5,46
102,"unc.us",4,14.6000003814697,79
103,"uwo.ca",4,5.80000019073486,79
104,"valm.ch",4,-2.29999995231628,51
105,"vaqu.mx",4,18.1000003814697,12
106,"varexp.no",4,-3,33
107,"vargrass.no",4,-3.90000009536743,39
108,"vass.se",4,-4.19999980926514,37
109,"wupatki.us",4,19.2999992370605,12
110,"xilin.cn",4,4,10
111,"yarra.au",4,17.8999996185303,65
1,"abisko.se",5,1.39999997615814,37
2,"amcamp.us",5,11.6000003814697,32
3,"amlr.is",5,3,33
4,"anti.ec",5,2.70000004768372,57
5,"arch.us",5,24.5,102
6,"azitwo.cn",5,5.40000009536743,82
7,"badlau.de",5,13.1999998092651,56
8,"bari.ar",5,5.59999990463257,84
9,"barta.us",5,14.6000003814697,90
10,"bayr.de",5,13,58
11,"bldr.us",5,13.6999998092651,73
12,"bnbt.us",5,18.2999992370605,126
13,"bnch.us",5,7.59999990463257,74
14,"bogong.au",5,3.90000009536743,145
15,"bttr.us",5,7.30000019073486,74
16,"bunya.au",5,12.8999996185303,63
17,"burrawan.au",5,15.3000001907349,51
18,"burren.ie",5,11.1000003814697,82
19,"bynb.cn",5,-0.899999976158142,55
20,"cbgb.us",5,16.2000007629395,107
21,"cdcr.us",5,14.5,82
22,"cdpt.us",5,14.6000003814697,81
23,"chilcas.ar",5,11.8000001907349,67
24,"comp.pt",5,17.2999992370605,53
25,"cowi.ca",5,12.1000003814697,46
26,"derr.au",5,12.8000001907349,47
27,"doane.us",5,16.6000003814697,110
28,"elkh.us",5,14.8000001907349,14
29,"elliot.us",5,17.6000003814697,8
30,"elva.ee",5,11.1999998092651,48
31,"ethamc.au",5,19.3999996185303,14
32,"ethass.au",5,19.2999992370605,15
33,"free.de",5,14.8000001907349,99
34,"frue.ch",5,10.1999998092651,133
35,"gall.it",5,16.7999992370605,64
36,"gcnban.cn",5,4.30000019073486,27
37,"gcndan.cn",5,6.80000019073486,26
38,"gcnhon.cn",5,7.09999990463257,90
39,"gcnhul.cn",5,10.3999996185303,20
40,"gcnnaq.cn",5,3.20000004768372,28
41,"gcnura.cn",5,13.3999996185303,10
42,"gcnyan.cn",5,15.3000001907349,32
43,"gilb.za",5,11.6999998092651,26
44,"glac.us",5,12.3999996185303,62
45,"glcr.us",5,16.7000007629395,115
46,"hall.us",5,18.2999992370605,129
47,"hart.us",5,9.5,30
48,"hast.us",5,12.8000001907349,11
49,"hero.uk",5,11.8999996185303,51
50,"hopl.us",5,13.6999998092651,18
51,"hustai.mn",5,10.3000001907349,13
52,"jasp.us",5,14.8000001907349,9
53,"jorn.us",5,19.7000007629395,10
54,"kark.se",5,0.600000023841858,44
55,"kbs.us",5,14.6000003814697,86
56,"kibber.in",5,5.09999990463257,34
57,"kidman.au",5,24.7000007629395,5
58,"kilp.fi",5,1.20000004768372,31
59,"kiny.au",5,12.1000003814697,44
60,"kirik.ee",5,11.1999998092651,34
61,"koffler.ca",5,11.3000001907349,83
62,"konz.us",5,17.7000007629395,128
63,"lagoas.br",5,20.7999992370605,67
64,"lake.us",5,14.6000003814697,88
65,"lancaster.uk",5,9.69999980926514,85
66,"lead.us",5,11.5,102
67,"look.us",5,6.90000009536743,86
68,"lubb.us",5,20.7999992370605,62
69,"marc.ar",5,11.6000003814697,75
70,"mcdan.us",5,16.2000007629395,110
71,"mcla.us",5,15.3000001907349,15
72,"mitch.au",5,20.6000003814697,21
73,"msla.us",5,11.3000001907349,42
74,"msum.us",5,13.3999996185303,69
75,"mtca.au",5,14.6999998092651,42
76,"neba.jp",5,12.3999996185303,193
77,"nilla.au",5,11,94
78,"nioo.nl",5,12.5,63
79,"ovor.mn",5,8.60000038146973,14
80,"pampa.ar",5,11.1999998092651,32
81,"ping.au",5,13.8999996185303,54
82,"pinj.au",5,18.1000003814697,98
83,"potrok.ar",5,3.20000004768372,23
84,"ramsay.us",5,23,138
85,"sage.us",5,7.5,36
86,"saline.us",5,17.1000003814697,86
87,"sedg.us",5,15.6000003814697,7
88,"sereng.tz",5,19.7999992370605,69
89,"sevi.us",5,16.8999996185303,13
90,"sgs.us",5,12.8000001907349,63
91,"shps.us",5,9.60000038146973,40
92,"sier.us",5,18.6000003814697,19
93,"sirsi.in",5,26.3999996185303,115
94,"smith.us",5,12,41
95,"spv.ar",5,10.3999996185303,28
96,"summ.za",5,16.1000003814697,37
97,"sval.no",5,-4,12
98,"temple.us",5,23.3999996185303,116
99,"thth.is",5,2.40000009536743,33
100,"ucsc.us",5,14.8999996185303,8
101,"ukul.za",5,15.1999998092651,21
102,"unc.us",5,18.8999996185303,108
103,"uwo.ca",5,12.6000003814697,84
104,"valm.ch",5,2.59999990463257,60
105,"vaqu.mx",5,19.7000007629395,27
106,"varexp.no",5,1.10000002384186,32
107,"vargrass.no",5,0,38
108,"vass.se",5,1.29999995231628,43
109,"wupatki.us",5,24,7
110,"xilin.cn",5,11.6000003814697,24
111,"yarra.au",5,14.8000001907349,62
1,"abisko.se",6,7,48
2,"amcamp.us",6,13.6999998092651,27
3,"amlr.is",6,6.59999990463257,47
4,"anti.ec",6,2.09999990463257,60
5,"arch.us",6,26.7000007629395,201
6,"azitwo.cn",6,8.30000019073486,121
7,"badlau.de",6,16,50
8,"bari.ar",6,3.20000004768372,96
9,"barta.us",6,20.1000003814697,92
10,"bayr.de",6,16,79
11,"bldr.us",6,18.8999996185303,48
12,"bnbt.us",6,23.2000007629395,121
13,"bnch.us",6,11.1999998092651,58
14,"bogong.au",6,1,193
15,"bttr.us",6,11,59
16,"bunya.au",6,9.69999980926514,47
17,"burrawan.au",6,11.8000001907349,25
18,"burren.ie",6,13.6000003814697,87
19,"bynb.cn",6,2.79999995231628,76
20,"cbgb.us",6,21.3999996185303,121
21,"cdcr.us",6,19.2000007629395,111
22,"cdpt.us",6,20.2000007629395,74
23,"chilcas.ar",6,8.89999961853027,56
24,"comp.pt",6,20.2999992370605,18
25,"cowi.ca",6,15,35
26,"derr.au",6,10.1000003814697,40
27,"doane.us",6,22.2999992370605,96
28,"elkh.us",6,16.7000007629395,4
29,"elliot.us",6,19.8999996185303,2
30,"elva.ee",6,14.8999996185303,67
31,"ethamc.au",6,15.6999998092651,5
32,"ethass.au",6,15.5,5
33,"free.de",6,17.7999992370605,102
34,"frue.ch",6,13.1000003814697,175
35,"gall.it",6,20.3999996185303,53
36,"gcnban.cn",6,8.80000019073486,76
37,"gcndan.cn",6,10.6000003814697,75
38,"gcnhon.cn",6,9.80000019073486,122
39,"gcnhul.cn",6,16.7000007629395,62
40,"gcnnaq.cn",6,7.30000019073486,84
41,"gcnura.cn",6,18.6000003814697,18
42,"gcnyan.cn",6,19.6000003814697,34
43,"gilb.za",6,9.19999980926514,12
44,"glac.us",6,15,46
45,"glcr.us",6,22.2000007629395,104
46,"hall.us",6,22.8999996185303,109
47,"hart.us",6,13.6999998092651,28
48,"hast.us",6,15.5,4
49,"hero.uk",6,14.8999996185303,53
50,"hopl.us",6,17.2999992370605,6
51,"hustai.mn",6,15.8000001907349,44
52,"jasp.us",6,16.7999992370605,4
53,"jorn.us",6,24.7999992370605,20
54,"kark.se",6,6,55
55,"kbs.us",6,19.7000007629395,94
56,"kibber.in",6,9.60000038146973,18
57,"kidman.au",6,21.6000003814697,1
58,"kilp.fi",6,7.19999980926514,50
59,"kiny.au",6,9.30000019073486,38
60,"kirik.ee",6,14.3999996185303,47
61,"koffler.ca",6,16.3999996185303,82
62,"konz.us",6,22.7999992370605,134
63,"lagoas.br",6,19.5,33
64,"lake.us",6,20,107
65,"lancaster.uk",6,12.3999996185303,95
66,"lead.us",6,13.5,74
67,"look.us",6,10.5,66
68,"lubb.us",6,25.1000003814697,72
69,"marc.ar",6,8.69999980926514,63
70,"mcdan.us",6,21,99
71,"mcla.us",6,19.3999996185303,7
72,"mitch.au",6,16.8999996185303,11
73,"msla.us",6,15.6000003814697,43
74,"msum.us",6,18.2999992370605,94
75,"mtca.au",6,11.8999996185303,51
76,"neba.jp",6,16.2000007629395,280
77,"nilla.au",6,8.19999980926514,95
78,"nioo.nl",6,15,78
79,"ovor.mn",6,14,51
80,"pampa.ar",6,8,19
81,"ping.au",6,11.1999998092651,76
82,"pinj.au",6,15,46
83,"potrok.ar",6,0.899999976158142,27
84,"ramsay.us",6,26.1000003814697,128
85,"sage.us",6,11.8000001907349,22
86,"saline.us",6,23,78
87,"sedg.us",6,18.3999996185303,1
88,"sereng.tz",6,19.1000003814697,23
89,"sevi.us",6,22,15
90,"sgs.us",6,18.2999992370605,54
91,"shps.us",6,14.3000001907349,37
92,"sier.us",6,22.7000007629395,9
93,"sirsi.in",6,23.8999996185303,756
94,"smith.us",6,14.3000001907349,37
95,"spv.ar",6,7.80000019073486,21
96,"summ.za",6,13.5,18
97,"sval.no",6,1.89999997615814,14
98,"temple.us",6,26.8999996185303,89
99,"thth.is",6,6.59999990463257,43
100,"ucsc.us",6,16.3999996185303,3
101,"ukul.za",6,12.3000001907349,13
102,"unc.us",6,23.2000007629395,97
103,"uwo.ca",6,17.7000007629395,79
104,"valm.ch",6,6,75
105,"vaqu.mx",6,19.5,75
106,"varexp.no",6,7,55
107,"vargrass.no",6,5.30000019073486,65
108,"vass.se",6,6.80000019073486,49
109,"wupatki.us",6,29.2999992370605,4
110,"xilin.cn",6,16.8999996185303,54
111,"yarra.au",6,11.8000001907349,54
1,"abisko.se",7,10,76
2,"amcamp.us",7,15.5,19
3,"amlr.is",7,8.5,49
4,"anti.ec",7,1.60000002384186,62
5,"arch.us",7,27.3999996185303,185
6,"azitwo.cn",7,10.1000003814697,135
7,"badlau.de",7,18.1000003814697,74
8,"bari.ar",7,2.5,142
9,"barta.us",7,23.6000003814697,83
10,"bayr.de",7,17.8999996185303,85
11,"bldr.us",7,22.1000003814697,48
12,"bnbt.us",7,25.7000007629395,108
13,"bnch.us",7,14.8000001907349,24
14,"bogong.au",7,-0.699999988079071,165
15,"bttr.us",7,14.6999998092651,24
16,"bunya.au",7,8.69999980926514,59
17,"burrawan.au",7,10.8000001907349,40
18,"burren.ie",7,15.3999996185303,88
19,"bynb.cn",7,5.19999980926514,80
20,"cbgb.us",7,23.6000003814697,105
21,"cdcr.us",7,21.5,96
22,"cdpt.us",7,23.7000007629395,66
23,"chilcas.ar",7,8.39999961853027,55
24,"comp.pt",7,22.6000003814697,5
25,"cowi.ca",7,17.3999996185303,23
26,"derr.au",7,9.39999961853027,37
27,"doane.us",7,25,89
28,"elkh.us",7,17.8999996185303,3
29,"elliot.us",7,22.3999996185303,1
30,"elva.ee",7,17.1000003814697,76
31,"ethamc.au",7,14.6999998092651,11
32,"ethass.au",7,14.5,12
33,"free.de",7,20.1000003814697,94
34,"frue.ch",7,15.6000003814697,177
35,"gall.it",7,23.2999992370605,33
36,"gcnban.cn",7,10.1999998092651,115
37,"gcndan.cn",7,11.3999996185303,114
38,"gcnhon.cn",7,11.6999998092651,121
39,"gcnhul.cn",7,19.2000007629395,107
40,"gcnnaq.cn",7,8.80000019073486,107
41,"gcnura.cn",7,21.1000003814697,38
42,"gcnyan.cn",7,21.7000007629395,67
43,"gilb.za",7,9.19999980926514,15
44,"glac.us",7,17.2999992370605,22
45,"glcr.us",7,24.3999996185303,93
46,"hall.us",7,25.2000007629395,113
47,"hart.us",7,18.5,11
48,"hast.us",7,18.2000007629395,2
49,"hero.uk",7,17.2000007629395,41
50,"hopl.us",7,20.7999992370605,2
51,"hustai.mn",7,17.7999992370605,66
52,"jasp.us",7,18.2000007629395,2
53,"jorn.us",7,26.2999992370605,49
54,"kark.se",7,9.60000038146973,83
55,"kbs.us",7,22.1000003814697,87
56,"kibber.in",7,11.8999996185303,49
57,"kidman.au",7,20.8999996185303,3
58,"kilp.fi",7,10.6000003814697,82
59,"kiny.au",7,8.5,40
60,"kirik.ee",7,17.8999996185303,69
61,"koffler.ca",7,19.7000007629395,84
62,"konz.us",7,25.8999996185303,97
63,"lagoas.br",7,19.2999992370605,24
64,"lake.us",7,22.3999996185303,97
65,"lancaster.uk",7,14.3000001907349,102
66,"lead.us",7,14.8999996185303,43
67,"look.us",7,14.1000003814697,27
68,"lubb.us",7,26.7999992370605,60
69,"marc.ar",7,8.10000038146973,60
70,"mcdan.us",7,23.5,95
71,"mcla.us",7,22.8999996185303,2
72,"mitch.au",7,16.2999992370605,15
73,"msla.us",7,19.2000007629395,25
74,"msum.us",7,20.8999996185303,80
75,"mtca.au",7,11,47
76,"neba.jp",7,20.1000003814697,273
77,"nilla.au",7,7,114
78,"nioo.nl",7,17,72
79,"ovor.mn",7,16.1000003814697,75
80,"pampa.ar",7,7.59999990463257,19
81,"ping.au",7,10.3000001907349,81
82,"pinj.au",7,14,52
83,"potrok.ar",7,0.600000023841858,22
84,"ramsay.us",7,27.2999992370605,165
85,"sage.us",7,15.6000003814697,9
86,"saline.us",7,26.2999992370605,84
87,"sedg.us",7,21.2000007629395,0
88,"sereng.tz",7,18.3999996185303,15
89,"sevi.us",7,24.7999992370605,40
90,"sgs.us",7,21.7000007629395,52
91,"shps.us",7,18.5,15
92,"sier.us",7,25.7999992370605,2
93,"sirsi.in",7,22.8999996185303,1669
94,"smith.us",7,16.2999992370605,25
95,"spv.ar",7,7.09999990463257,23
96,"summ.za",7,13.5,24
97,"sval.no",7,5.40000009536743,22
98,"temple.us",7,29,44
99,"thth.is",7,9.10000038146973,52
100,"ucsc.us",7,17.1000003814697,3
101,"ukul.za",7,12.5,14
102,"unc.us",7,25.5,108
103,"uwo.ca",7,20.2000007629395,86
104,"valm.ch",7,8.5,82
105,"vaqu.mx",7,18.2999992370605,102
106,"varexp.no",7,11.1999998092651,58
107,"vargrass.no",7,10.1000003814697,65
108,"vass.se",7,10.3999996185303,77
109,"wupatki.us",7,32.2999992370605,32
110,"xilin.cn",7,19.6000003814697,93
111,"yarra.au",7,10.8000001907349,39
1,"abisko.se",8,8.30000019073486,68
2,"amcamp.us",8,16,22
3,"amlr.is",8,7.90000009536743,61
4,"anti.ec",8,1.60000002384186,42
5,"arch.us",8,27.6000003814697,178
6,"azitwo.cn",8,9.69999980926514,120
7,"badlau.de",8,18.2999992370605,59
8,"bari.ar",8,3.5,122
9,"barta.us",8,22.6000003814697,71
10,"bayr.de",8,17.2999992370605,61
11,"bldr.us",8,21.2999992370605,39
12,"bnbt.us",8,24.5,102
13,"bnch.us",8,15.1000003814697,35
14,"bogong.au",8,-0.300000011920929,184
15,"bttr.us",8,14.8999996185303,35
16,"bunya.au",8,9.69999980926514,35
17,"burrawan.au",8,12,29
18,"burren.ie",8,15.1999998092651,111
19,"bynb.cn",8,4.69999980926514,66
20,"cbgb.us",8,22.2000007629395,104
21,"cdcr.us",8,20.1000003814697,103
22,"cdpt.us",8,22.7999992370605,42
23,"chilcas.ar",8,9.60000038146973,46
24,"comp.pt",8,22.7999992370605,6
25,"cowi.ca",8,17.7000007629395,29
26,"derr.au",8,10.3999996185303,47
27,"doane.us",8,23.7999992370605,86
28,"elkh.us",8,18.2999992370605,3
29,"elliot.us",8,23.2000007629395,3
30,"elva.ee",8,15.8000001907349,79
31,"ethamc.au",8,16.7999992370605,5
32,"ethass.au",8,16.7000007629395,5
33,"free.de",8,19.7999992370605,80
34,"frue.ch",8,15.5,167
35,"gall.it",8,23.3999996185303,59
36,"gcnban.cn",8,9.39999961853027,106
37,"gcndan.cn",8,10.6000003814697,107
38,"gcnhon.cn",8,11.5,101
39,"gcnhul.cn",8,17,94
40,"gcnnaq.cn",8,8.30000019073486,92
41,"gcnura.cn",8,19.1000003814697,38
42,"gcnyan.cn",8,20.1000003814697,82
43,"gilb.za",8,11.1000003814697,26
44,"glac.us",8,17.7000007629395,30
45,"glcr.us",8,23.2000007629395,89
46,"hall.us",8,24.5,86
47,"hart.us",8,19,16
48,"hast.us",8,19.1000003814697,3
49,"hero.uk",8,16.7999992370605,53
50,"hopl.us",8,21.2999992370605,6
51,"hustai.mn",8,15.8000001907349,64
52,"jasp.us",8,18.3999996185303,3
53,"jorn.us",8,24.8999996185303,61
54,"kark.se",8,7.90000009536743,83
55,"kbs.us",8,20.8999996185303,91
56,"kibber.in",8,11.6000003814697,36
57,"kidman.au",8,23.1000003814697,0
58,"kilp.fi",8,8.69999980926514,63
59,"kiny.au",8,9.80000019073486,44
60,"kirik.ee",8,16.6000003814697,73
61,"koffler.ca",8,19.1000003814697,88
62,"konz.us",8,25,90
63,"lagoas.br",8,21.2999992370605,27
64,"lake.us",8,21.1000003814697,94
65,"lancaster.uk",8,14.1000003814697,126
66,"lead.us",8,15.3999996185303,45
67,"look.us",8,14.6000003814697,39
68,"lubb.us",8,26,64
69,"marc.ar",8,9.19999980926514,49
70,"mcdan.us",8,22.6000003814697,94
71,"mcla.us",8,22.6000003814697,5
72,"mitch.au",8,18.3999996185303,7
73,"msla.us",8,18.7999992370605,28
74,"msum.us",8,20,71
75,"mtca.au",8,11.1999998092651,40
76,"neba.jp",8,21,283
77,"nilla.au",8,8.19999980926514,119
78,"nioo.nl",8,16.8999996185303,63
79,"ovor.mn",8,14.1999998092651,74
80,"pampa.ar",8,9.60000038146973,24
81,"ping.au",8,10.3999996185303,64
82,"pinj.au",8,15,31
83,"potrok.ar",8,2.09999990463257,16
84,"ramsay.us",8,27.2000007629395,145
85,"sage.us",8,15.8000001907349,13
86,"saline.us",8,25.1000003814697,75
87,"sedg.us",8,22,2
88,"sereng.tz",8,19,27
89,"sevi.us",8,23.7000007629395,52
90,"sgs.us",8,21.1000003814697,38
91,"shps.us",8,18.1000003814697,15
92,"sier.us",8,25.1000003814697,4
93,"sirsi.in",8,23,940
94,"smith.us",8,16.7999992370605,25
95,"spv.ar",8,7.80000019073486,10
96,"summ.za",8,15,36
97,"sval.no",8,4.40000009536743,26
98,"temple.us",8,29,53
99,"thth.is",8,8.5,54
100,"ucsc.us",8,17.3999996185303,2
101,"ukul.za",8,14.3999996185303,26
102,"unc.us",8,24.6000003814697,110
103,"uwo.ca",8,19.3999996185303,86
104,"valm.ch",8,8.5,78
105,"vaqu.mx",8,18.1000003814697,98
106,"varexp.no",8,9.80000019073486,58
107,"vargrass.no",8,8.89999961853027,65
108,"vass.se",8,8.69999980926514,84
109,"wupatki.us",8,31.6000003814697,43
110,"xilin.cn",8,17.7999992370605,77
111,"yarra.au",8,12.1999998092651,50
1,"abisko.se",9,3.59999990463257,48
2,"amcamp.us",9,14.1000003814697,27
3,"amlr.is",9,4.59999990463257,55
4,"anti.ec",9,2.09999990463257,56
5,"arch.us",9,27,156
6,"azitwo.cn",9,6.80000019073486,121
7,"badlau.de",9,14.3999996185303,44
8,"bari.ar",9,5.5,70
9,"barta.us",9,17.2999992370605,54
10,"bayr.de",9,13.1999998092651,57
11,"bldr.us",9,16.2999992370605,42
12,"bnbt.us",9,19.8999996185303,118
13,"bnch.us",9,12,64
14,"bogong.au",9,2.09999990463257,180
15,"bttr.us",9,11.8999996185303,64
16,"bunya.au",9,12.6000003814697,39
17,"burrawan.au",9,15.3000001907349,32
18,"burren.ie",9,13.1000003814697,122
19,"bynb.cn",9,1,46
20,"cbgb.us",9,17.7999992370605,89
21,"cdcr.us",9,15,86
22,"cdpt.us",9,17.2999992370605,36
23,"chilcas.ar",9,11.8999996185303,64
24,"comp.pt",9,21.2999992370605,27
25,"cowi.ca",9,14.8999996185303,33
26,"derr.au",9,12.1000003814697,53
27,"doane.us",9,18.7999992370605,85
28,"elkh.us",9,17.7999992370605,10
29,"elliot.us",9,22.2999992370605,8
30,"elva.ee",9,10.6999998092651,68
31,"ethamc.au",9,21.3999996185303,4
32,"ethass.au",9,21.3999996185303,4
33,"free.de",9,15.8000001907349,75
34,"frue.ch",9,12.1000003814697,121
35,"gall.it",9,19.7999992370605,91
36,"gcnban.cn",9,6.69999980926514,69
37,"gcndan.cn",9,8.19999980926514,67
38,"gcnhon.cn",9,8.30000019073486,119
39,"gcnhul.cn",9,9.69999980926514,40
40,"gcnnaq.cn",9,5.59999990463257,74
41,"gcnura.cn",9,13.1999998092651,17
42,"gcnyan.cn",9,14.8999996185303,50
43,"gilb.za",9,13.3999996185303,47
44,"glac.us",9,15.1999998092651,58
45,"glcr.us",9,18.3999996185303,82
46,"hall.us",9,21,96
47,"hart.us",9,14.3999996185303,17
48,"hast.us",9,18,10
49,"hero.uk",9,14.1000003814697,60
50,"hopl.us",9,19.1000003814697,18
51,"hustai.mn",9,9,29
52,"jasp.us",9,17.7999992370605,7
53,"jorn.us",9,21.6000003814697,36
54,"kark.se",9,3.20000004768372,68
55,"kbs.us",9,16.5,99
56,"kibber.in",9,8.30000019073486,49
57,"kidman.au",9,27.3999996185303,5
58,"kilp.fi",9,3.79999995231628,47
59,"kiny.au",9,11.8000001907349,43
60,"kirik.ee",9,11.8999996185303,71
61,"koffler.ca",9,15,85
62,"konz.us",9,20.2000007629395,101
63,"lagoas.br",9,22.7000007629395,58
64,"lake.us",9,16.3999996185303,86
65,"lancaster.uk",9,11.8000001907349,139
66,"lead.us",9,14.8999996185303,93
67,"look.us",9,11.8999996185303,75
68,"lubb.us",9,22.1000003814697,68
69,"marc.ar",9,10.8999996185303,60
70,"mcdan.us",9,18.8999996185303,99
71,"mcla.us",9,20.2000007629395,16
72,"mitch.au",9,22.3999996185303,8
73,"msla.us",9,13.3000001907349,25
74,"msum.us",9,14.5,61
75,"mtca.au",9,13.3000001907349,28
76,"neba.jp",9,17.2999992370605,298
77,"nilla.au",9,10.3000001907349,99
78,"nioo.nl",9,13.8999996185303,75
79,"ovor.mn",9,7.5,30
80,"pampa.ar",9,12.6000003814697,40
81,"ping.au",9,12.1000003814697,44
82,"pinj.au",9,17.6000003814697,35
83,"potrok.ar",9,4.59999990463257,13
84,"ramsay.us",9,25.1000003814697,122
85,"sage.us",9,12.3999996185303,24
86,"saline.us",9,20.1000003814697,59
87,"sedg.us",9,20.3999996185303,9
88,"sereng.tz",9,20,26
89,"sevi.us",9,20.2000007629395,37
90,"sgs.us",9,15.8999996185303,33
91,"shps.us",9,13.1000003814697,19
92,"sier.us",9,22.7000007629395,16
93,"sirsi.in",9,23.3999996185303,284
94,"smith.us",9,14.5,34
95,"spv.ar",9,10,19
96,"summ.za",9,16.8999996185303,60
97,"sval.no",9,0.600000023841858,23
98,"temple.us",9,25.7000007629395,97
99,"thth.is",9,4.80000019073486,59
100,"ucsc.us",9,17.6000003814697,8
101,"ukul.za",9,16.7999992370605,47
102,"unc.us",9,21.3999996185303,99
103,"uwo.ca",9,15.6999998092651,107
104,"valm.ch",9,5.59999990463257,62
105,"vaqu.mx",9,17.3999996185303,76
106,"varexp.no",9,5.59999990463257,51
107,"vargrass.no",9,4.69999980926514,64
108,"vass.se",9,4,71
109,"wupatki.us",9,28.8999996185303,31
110,"xilin.cn",9,11.3999996185303,32
111,"yarra.au",9,14.8999996185303,47
1,"abisko.se",10,-1.89999997615814,56
2,"amcamp.us",10,10.3999996185303,52
3,"amlr.is",10,0.200000002980232,70
4,"anti.ec",10,2.5,94
5,"arch.us",10,24.2999992370605,74
6,"azitwo.cn",10,2.20000004768372,54
7,"badlau.de",10,9.69999980926514,32
8,"bari.ar",10,8.60000038146973,51
9,"barta.us",10,10.1999998092651,32
10,"bayr.de",10,8.19999980926514,59
11,"bldr.us",10,10.5,31
12,"bnbt.us",10,13.5,79
13,"bnch.us",10,7.80000019073486,115
14,"bogong.au",10,5,158
15,"bttr.us",10,7.69999980926514,115
16,"bunya.au",10,15.6999998092651,69
17,"burrawan.au",10,18.7000007629395,60
18,"burren.ie",10,10.3000001907349,138
19,"bynb.cn",10,-5.5,18
20,"cbgb.us",10,11,67
21,"cdcr.us",10,8.39999961853027,59
22,"cdpt.us",10,10.3999996185303,20
23,"chilcas.ar",10,14.8000001907349,96
24,"comp.pt",10,18,78
25,"cowi.ca",10,10.3000001907349,102
26,"derr.au",10,14.3999996185303,60
27,"doane.us",10,12,56
28,"elkh.us",10,15.8000001907349,40
29,"elliot.us",10,19.6000003814697,10
30,"elva.ee",10,5.59999990463257,61
31,"ethamc.au",10,25.3999996185303,13
32,"ethass.au",10,25.2999992370605,14
33,"free.de",10,10.8000001907349,73
34,"frue.ch",10,7.90000009536743,112
35,"gall.it",10,15.1999998092651,119
36,"gcnban.cn",10,0.5,14
37,"gcndan.cn",10,3.29999995231628,11
38,"gcnhon.cn",10,3.90000009536743,58
39,"gcnhul.cn",10,-0.100000001490116,13
40,"gcnnaq.cn",10,-0.300000011920929,18
41,"gcnura.cn",10,5.19999980926514,9
42,"gcnyan.cn",10,8.39999961853027,23
43,"gilb.za",10,14.5,85
44,"glac.us",10,10.8999996185303,113
45,"glcr.us",10,11.5,60
46,"hall.us",10,14.5,77
47,"hart.us",10,8.80000019073486,20
48,"hast.us",10,15.3999996185303,29
49,"hero.uk",10,10.6999998092651,69
50,"hopl.us",10,15.3000001907349,65
51,"hustai.mn",10,0.200000002980232,6
52,"jasp.us",10,15.3999996185303,32
53,"jorn.us",10,15.6999998092651,26
54,"kark.se",10,-2,79
55,"kbs.us",10,10.1999998092651,71
56,"kibber.in",10,2.5,17
57,"kidman.au",10,30.3999996185303,27
58,"kilp.fi",10,-2.09999990463257,47
59,"kiny.au",10,14.6999998092651,46
60,"kirik.ee",10,7,70
61,"koffler.ca",10,8.60000038146973,72
62,"konz.us",10,13.6999998092651,73
63,"lagoas.br",10,24.2999992370605,116
64,"lake.us",10,9.60000038146973,53
65,"lancaster.uk",10,8.69999980926514,165
66,"lead.us",10,12,187
67,"look.us",10,8,135
68,"lubb.us",10,16.5,46
69,"marc.ar",10,13.6999998092651,78
70,"mcdan.us",10,12.5,89
71,"mcla.us",10,15.8000001907349,58
72,"mitch.au",10,26.2999992370605,21
73,"msla.us",10,7.30000019073486,22
74,"msum.us",10,7.5,48
75,"mtca.au",10,16.2000007629395,16
76,"neba.jp",10,11.3999996185303,174
77,"nilla.au",10,12.8000001907349,87
78,"nioo.nl",10,10,73
79,"ovor.mn",10,-1.10000002384186,8
80,"pampa.ar",10,16.1000003814697,67
81,"ping.au",10,14.5,25
82,"pinj.au",10,20.2999992370605,86
83,"potrok.ar",10,7.40000009536743,15
84,"ramsay.us",10,19.7000007629395,85
85,"sage.us",10,7.5,50
86,"saline.us",10,13.3999996185303,39
87,"sedg.us",10,17.8999996185303,15
88,"sereng.tz",10,20.8999996185303,35
89,"sevi.us",10,13.8999996185303,28
90,"sgs.us",10,9.39999961853027,20
91,"shps.us",10,6.80000019073486,18
92,"sier.us",10,17.7999992370605,59
93,"sirsi.in",10,24.2000007629395,167
94,"smith.us",10,10.3999996185303,52
95,"spv.ar",10,12.8999996185303,14
96,"summ.za",10,17.8999996185303,93
97,"sval.no",10,-5.09999990463257,20
98,"temple.us",10,20.3999996185303,91
99,"thth.is",10,1.29999995231628,69
100,"ucsc.us",10,16,26
101,"ukul.za",10,18,79
102,"unc.us",10,15.1000003814697,90
103,"uwo.ca",10,9.39999961853027,90
104,"valm.ch",10,1.79999995231628,53
105,"vaqu.mx",10,15.8000001907349,38
106,"varexp.no",10,-0.100000001490116,55
107,"vargrass.no",10,-0.899999976158142,64
108,"vass.se",10,-1.20000004768372,87
109,"wupatki.us",10,23,29
110,"xilin.cn",10,3.20000004768372,13
111,"yarra.au",10,17.6000003814697,63
1,"abisko.se",11,-7.30000019073486,46
2,"amcamp.us",11,6.90000009536743,94
3,"amlr.is",11,-2.5,45
4,"anti.ec",11,2.79999995231628,99
5,"arch.us",11,20.7999992370605,47
6,"azitwo.cn",11,-4.19999980926514,8
7,"badlau.de",11,4.69999980926514,42
8,"bari.ar",11,11.5,36
9,"barta.us",11,1.60000002384186,24
10,"bayr.de",11,3.20000004768372,58
11,"bldr.us",11,3.5,33
12,"bnbt.us",11,5.59999990463257,56
13,"bnch.us",11,2.29999995231628,244
14,"bogong.au",11,7.80000019073486,119
15,"bttr.us",11,2.09999990463257,244
16,"bunya.au",11,18.1000003814697,79
17,"burrawan.au",11,21.2999992370605,71
18,"burren.ie",11,7.40000009536743,141
19,"bynb.cn",11,-13.3000001907349,8
20,"cbgb.us",11,2.5,48
21,"cdcr.us",11,-0.800000011920929,37
22,"cdpt.us",11,2.59999990463257,18
23,"chilcas.ar",11,17.7000007629395,90
24,"comp.pt",11,14.3000001907349,99
25,"cowi.ca",11,6.09999990463257,183
26,"derr.au",11,16.2999992370605,56
27,"doane.us",11,3.59999990463257,38
28,"elkh.us",11,12.3000001907349,113
29,"elliot.us",11,16,42
30,"elva.ee",11,0.5,56
31,"ethamc.au",11,28.5,12
32,"ethass.au",11,28.3999996185303,14
33,"free.de",11,5.80000019073486,71
34,"frue.ch",11,2.90000009536743,121
35,"gall.it",11,10,117
36,"gcnban.cn",11,-6.5,3
37,"gcndan.cn",11,-3.09999990463257,3
38,"gcnhon.cn",11,-1.79999995231628,10
39,"gcnhul.cn",11,-12.8000001907349,5
40,"gcnnaq.cn",11,-7.80000019073486,4
41,"gcnura.cn",11,-4,4
42,"gcnyan.cn",11,0.699999988079071,8
43,"gilb.za",11,15.8000001907349,125
44,"glac.us",11,6.69999980926514,209
45,"glcr.us",11,3,40
46,"hall.us",11,8.69999980926514,113
47,"hart.us",11,3.09999990463257,26
48,"hast.us",11,11.1999998092651,94
49,"hero.uk",11,7.19999980926514,66
50,"hopl.us",11,10,167
51,"hustai.mn",11,-10.8999996185303,4
52,"jasp.us",11,11.8000001907349,85
53,"jorn.us",11,9.30000019073486,14
54,"kark.se",11,-6.80000019073486,63
55,"kbs.us",11,3.90000009536743,75
56,"kibber.in",11,-3.29999995231628,11
57,"kidman.au",11,31.2999992370605,60
58,"kilp.fi",11,-8.69999980926514,37
59,"kiny.au",11,17.6000003814697,33
60,"kirik.ee",11,2.40000009536743,70
61,"koffler.ca",11,2.70000004768372,82
62,"konz.us",11,5.80000019073486,50
63,"lagoas.br",11,25.2999992370605,118
64,"lake.us",11,0.400000005960464,34
65,"lancaster.uk",11,5.5,170
66,"lead.us",11,9.5,330
67,"look.us",11,2.59999990463257,286
68,"lubb.us",11,9.69999980926514,19
69,"marc.ar",11,16.3999996185303,74
70,"mcdan.us",11,6.90000009536743,88
71,"mcla.us",11,9.80000019073486,146
72,"mitch.au",11,28.8999996185303,31
73,"msla.us",11,0.400000005960464,26
74,"msum.us",11,-2.59999990463257,23
75,"mtca.au",11,19.7999992370605,17
76,"neba.jp",11,6.19999980926514,96
77,"nilla.au",11,15.5,71
78,"nioo.nl",11,5.69999980926514,83
79,"ovor.mn",11,-12,4
80,"pampa.ar",11,19.6000003814697,86
81,"ping.au",11,18.2000007629395,20
82,"pinj.au",11,22.3999996185303,115
83,"potrok.ar",11,9.69999980926514,17
84,"ramsay.us",11,14.8999996185303,123
85,"sage.us",11,1.79999995231628,113
86,"saline.us",11,5.09999990463257,27
87,"sedg.us",11,13.6999998092651,59
88,"sereng.tz",11,20.7000007629395,83
89,"sevi.us",11,6.80000019073486,13
90,"sgs.us",11,2.20000004768372,16
91,"shps.us",11,-1.39999997615814,12
92,"sier.us",11,11.3000001907349,151
93,"sirsi.in",11,23.5,46
94,"smith.us",11,6.69999980926514,80
95,"spv.ar",11,15.3999996185303,12
96,"summ.za",11,19.2000007629395,114
97,"sval.no",11,-9.30000019073486,24
98,"temple.us",11,14.3000001907349,70
99,"thth.is",11,-1.29999995231628,59
100,"ucsc.us",11,12.6999998092651,78
101,"ukul.za",11,19.2999992370605,104
102,"unc.us",11,10.3000001907349,85
103,"uwo.ca",11,3.20000004768372,102
104,"valm.ch",11,-3.59999990463257,51
105,"vaqu.mx",11,13.8999996185303,11
106,"varexp.no",11,-5.40000009536743,43
107,"vargrass.no",11,-5.59999990463257,49
108,"vass.se",11,-6.19999980926514,69
109,"wupatki.us",11,15.8000001907349,32
110,"xilin.cn",11,-7.40000009536743,4
111,"yarra.au",11,19.5,81
1,"abisko.se",12,-10,49
2,"amcamp.us",12,5.09999990463257,85
3,"amlr.is",12,-4.19999980926514,57
4,"anti.ec",12,2.90000009536743,54
5,"arch.us",12,17.8999996185303,42
6,"azitwo.cn",12,-8.5,3
7,"badlau.de",12,2,39
8,"bari.ar",12,14,33
9,"barta.us",12,-3.79999995231628,16
10,"bayr.de",12,0.699999988079071,72
11,"bldr.us",12,0.300000011920929,19
12,"bnbt.us",12,-0.600000023841858,35
13,"bnch.us",12,-0.600000023841858,274
14,"bogong.au",12,10.5,116
15,"bttr.us",12,-0.899999976158142,276
16,"bunya.au",12,20.1000003814697,108
17,"burrawan.au",12,23.3999996185303,92
18,"burren.ie",12,6.09999990463257,140
19,"bynb.cn",12,-18.7999992370605,5
20,"cbgb.us",12,-4.59999990463257,32
21,"cdcr.us",12,-8.69999980926514,26
22,"cdpt.us",12,-2.20000004768372,14
23,"chilcas.ar",12,20.5,90
24,"comp.pt",12,11.6000003814697,114
25,"cowi.ca",12,3.29999995231628,178
26,"derr.au",12,18.5,51
27,"doane.us",12,-2.5,21
28,"elkh.us",12,10,122
29,"elliot.us",12,13.3000001907349,48
30,"elva.ee",12,-3.70000004768372,47
31,"ethamc.au",12,30.8999996185303,21
32,"ethass.au",12,30.7999992370605,23
33,"free.de",12,3.40000009536743,71
34,"frue.ch",12,0.400000005960464,111
35,"gall.it",12,6.59999990463257,80
36,"gcnban.cn",12,-10.6000003814697,2
37,"gcndan.cn",12,-6.90000009536743,2
38,"gcnhon.cn",12,-6.09999990463257,3
39,"gcnhul.cn",12,-23,5
40,"gcnnaq.cn",12,-11.8999996185303,3
41,"gcnura.cn",12,-10.5,2
42,"gcnyan.cn",12,-5.5,3
43,"gilb.za",12,17.1000003814697,148
44,"glac.us",12,4,214
45,"glcr.us",12,-3.5,22
46,"hall.us",12,3.59999990463257,123
47,"hart.us",12,-1.5,25
48,"hast.us",12,8.5,107
49,"hero.uk",12,5.40000009536743,68
50,"hopl.us",12,7.09999990463257,189
51,"hustai.mn",12,-18.3999996185303,3
52,"jasp.us",12,9,90
53,"jorn.us",12,4.90000009536743,21
54,"kark.se",12,-9.39999961853027,70
55,"kbs.us",12,-2.40000009536743,68
56,"kibber.in",12,-8.5,21
57,"kidman.au",12,31.1000003814697,131
58,"kilp.fi",12,-12,39
59,"kiny.au",12,20.3999996185303,27
60,"kirik.ee",12,-1.70000004768372,54
61,"koffler.ca",12,-3.90000009536743,57
62,"konz.us",12,-0.300000011920929,28
63,"lagoas.br",12,25.5,173
64,"lake.us",12,-7.30000019073486,21
65,"lancaster.uk",12,3.5,168
66,"lead.us",12,7.5,349
67,"look.us",12,0.300000011920929,318
68,"lubb.us",12,5.19999980926514,14
69,"marc.ar",12,19,91
70,"mcdan.us",12,1.70000004768372,83
71,"mcla.us",12,6.80000019073486,163
72,"mitch.au",12,30.5,53
73,"msla.us",12,-4.19999980926514,30
74,"msum.us",12,-10.8999996185303,15
75,"mtca.au",12,23.2999992370605,11
76,"neba.jp",12,1.10000002384186,59
77,"nilla.au",12,18.1000003814697,55
78,"nioo.nl",12,3.29999995231628,85
79,"ovor.mn",12,-19,3
80,"pampa.ar",12,23,95
81,"ping.au",12,21.7000007629395,11
82,"pinj.au",12,24.1000003814697,132
83,"potrok.ar",12,11.1999998092651,28
84,"ramsay.us",12,11.5,136
85,"sage.us",12,-2.29999995231628,122
86,"saline.us",12,-0.100000001490116,16
87,"sedg.us",12,10.8000001907349,68
88,"sereng.tz",12,20.5,100
89,"sevi.us",12,2,14
90,"sgs.us",12,-1.79999995231628,10
91,"shps.us",12,-7.09999990463257,20
92,"sier.us",12,7.90000009536743,148
93,"sirsi.in",12,22.6000003814697,8
94,"smith.us",12,4.5,82
95,"spv.ar",12,17.7999992370605,14
96,"summ.za",12,20.8999996185303,130
97,"sval.no",12,-12.8999996185303,25
98,"temple.us",12,9.89999961853027,60
99,"thth.is",12,-2.79999995231628,46
100,"ucsc.us",12,10,85
101,"ukul.za",12,20.8999996185303,126
102,"unc.us",12,5.69999980926514,82
103,"uwo.ca",12,-3,99
104,"valm.ch",12,-6.30000019073486,45
105,"vaqu.mx",12,12.3000001907349,10
106,"varexp.no",12,-7.40000009536743,37
107,"vargrass.no",12,-7.5,41
108,"vass.se",12,-9.10000038146973,76
109,"wupatki.us",12,11.5,42
110,"xilin.cn",12,-15.8999996185303,2
111,"yarra.au",12,22,75
